:10010000ED735F203118C6CD16C91E00C21201CD95
:100110007DC9CD2AC6CDDD07CDBA08CD1708CD677C
:1001200009CDBD09CD35C6CA6C01CD1FC73E01CD75
:1001300090C6CD8701CD9401CDA1013E02CDA1C6CF
:10014000CDAE01CD8405CD3904CD2806CDB41FCD6B
:100150007A01CD8305CD4F06CDA11FCD1BCACA4F55
:1001600001CD1120CD6408ED7B5F20C7CD6408115F
:1001700047A1CD16CAED7B5F20C7CD6AC6FA7A01CA
:10018000CD6AC6F28001C921B8BEED5B1EC6012052
:1001900000C323C821D8BEED5B20C6018005C32360
:1001A000C82158C4ED5B22C601C000C323C8ED5B63
:1001B0001CC6010003AFCD32C8CDD201CD5703CD4F
:1001C000BF03CD6105CD6802CDAD02CDE301CDF415
:1001D00001C92A1CC6112B0019EBCD0BC8216FA138
:1001E000C34D032A1CC611C40219EBCD0BC82176DE
:1001F000A1C34D032A1CC611A00219EBCD0BC83EAA
:100200003B0620CD74C610FB3AA220FE04CA280289
:10021000FE03CA3102FE02CA3A02FE01CA430211BB
:10022000AA02213CA1C3490211A902210DA1C3497F
:100230000211A902211AA1C3490211AA022127A170
:10024000C3490211AB022132A1E52A1CC619EBCD2C
:100250000BC8E1CD4D033AA020FE0ADA63023E3717
:10026000C374C6C63CC374C62A1CC611810019EBF0
:10027000CD0BC82190A1CD4D032A1CC611C1001978
:10028000EBCD0BC8219CA1CD4D032A1CC6119A00B1
:1002900019EBCD0BC82196A1CD4D032A1CC611DA4E
:1002A0000019EBCD0BC8219CA1CD4D03C92A1CC65A
:1002B00011A30019EBCD0BC83A7920CDE802CD741B
:1002C000C63A7A20CDE802CD74C62A1CC611BC00FD
:1002D00019EBCD0BC83A7B20CDE802CD74C63A7C31
:1002E00020CDE802CD74C6C9E60FFE0ADAF402D6C4
:1002F0000AC620C9C63CC9CD24033A6220FE10DAE2
:1003000013032A1CC6115A0119EBCD0BC821A2A157
:10031000C34D032A1CC611410119EBCD0BC821A204
:10032000A1C34D032A1CC611410119EBCD0BC83ED8
:100330003B0605CD74C610FB2A1CC6115A0119EBE9
:10034000CD0BC83E3B0605CD74C610FBC97EB7C8B1
:10035000CD74C623C34D032A1CC611670019EBCD0B
:100360000BC83E03CD74C63E010610CD74C610FB0B
:100370003E03CD74C62A1CC611870219EBCD0BC8EB
:100380003E03CD74C63E010610CD74C610FB3E037D
:10039000CD74C62A1CC6118700190610C5E5EBCD21
:1003A0000BC83E02CD74C6E1E511110019EBCD0B6F
:1003B000C83E02CD74C6E111200019C110DEC90685
:1003C00008AF326920C50608AF326A20C53A6920F5
:1003D000473A6A20A8E601CADF033E09C3E1033EAB
:1003E00008326B20CDF603216A2034C110DE21696A
:1003F0002034C110D0C93A692087C6046F2600296D
:10040000292929293A6A2087C6085F160019ED5B59
:100410001CC619E5EBCD0BC83A6B20CD74C63A6B00
:1004200020CD74C6E111200019EBCD0BC83A6B202A
:10043000CD74C63A6B20C374C6CDBF03AF327720EC
:100440003A7720CD5704217720347EFE20DA40040D
:10045000C93A8120C35704327720CD47207EB7C8E0
:100460003A7720CD29207E3275203A7720CD2F2073
:100470007E327620C395043A95203275203A962034
:10048000327620CDC9043A82203275203A83203258
:100490007620C3C904CD1005327820CD4305E5EBA5
:1004A000CD0BC83A7820CD74C63A78203CCD74C6BE
:1004B000E111200019EBCD0BC83A7820C602CD74AB
:1004C000C63A7820C603C374C6CDF804327820CD6E
:1004D0004305E5EBCD0BC83A7820CD74C63A7820B9
:1004E000CD74C6E111200019EBCD0BC83A7820CDB0
:1004F00074C63A7820C374C6CD0505B7C202053E5E
:1005000008C93E09C93A7620473A7520A8E601C9CC
:10051000CD0505473A7720FE10DA2B0578B7CA26B5
:10052000050698C337050680C3370578B7CA350571
:100530000668C3370506503A7720CD35207E3D87C3
:100540008780C93A762087C6046F26002929292981
:10055000293A752087C6085F160019ED5B1CC6197D
:10056000C92A1CC611490019EBCD0BC821A8A1CD81
:100570004D032A1CC611A90219EBCD0BC821A8A155
:10058000C34D03C9214D22110D21012000EDB021E1
:100590006D22112D21012000EDB0218D22114D2160
:1005A000012000EDB021AD22116D21012000EDB040
:1005B00021CD22118D21012000EDB021ED2211ADC0
:1005C00021012000EDB0210D2311CD21012000EDEE
:1005D000B0212D2311ED21012000EDB0214D23117B
:1005E0000D22014000EDB0AF326120326E20327931
:1005F00020327A20327B20327C20327D20327E20D5
:100600003294203EFF329520329620329720329845
:1006100020329920329A20AF329B20329C20329D8A
:1006200020CDAD02CD2403C9AF326120326E20321D
:100630006820327D20327E20329B20C9CD8405CDBA
:100640003904CDB41FAF3270203E1E326820C93A43
:100650006820B7CA6606473A6E20B7C5C4040BC106
:10066000783D326820C93A6120B7C23F1E3A6E20F9
:10067000B7C29D06C37706CDEB0ACD59073A7F2056
:10068000B7CAFA1E3A8120326220CDF702CD52203D
:10069000E63FC6203268203E01326E20C9AF326E7E
:1006A00020CD24033A81203262203A822032632016
:1006B000CD931F3265203A8320326420CD9A1F32B9
:1006C00066203A9920329A203A94203299203A8131
:1006D00020CD29207E3295203A8120CD2F207E32D8
:1006E00096203A81203294203A82203297203A8311
:1006F00020329820CDFD1D3A8420326720FEFFCAAB
:100700000B07CD551F3A8420CD4F1FCD77043A817A
:1007100020CD29207E3289203A8120CD2F207E32A3
:100720008A203A8920473A8A204F7841CD970D3662
:10073000FF3A8220473A83204F7841CD970D3A8186
:1007400020773A8120CD29203A8220773A8120CD26
:100750002F203A832077C3C81EAF327F20328020FB
:10076000CD050A3A7D20B7CA77073E103287203E72
:1007700020328820C38007AF3287203E1032882085
:100780003A8720473A8820B8CAD9073A8720328664
:1007900020CD47207EB7CAD2073A8620CD29207EB9
:1007A0003289203A8620CD2F207E328A20AF3264D3
:1007B00020AF326320CD270BCDC20CDC6F0C216340
:1007C00020347EFE08DAB507216420347EFE08DA84
:1007D000B10721872034C38007CDB50AC92175CB65
:1007E0001100011922A82022AC202A0600110001C4
:1007F000B7ED5222AA20ED5BA820B7ED52DA0F0820
:100800007CFE02DA0F0832A6203E0132A520C9AFD5
:1008100032A52032A620C9AF32BF2032C82032C94B
:100820002032CA20CD24CA32C020B7C0CD56CA3229
:10083000C1207C32C2207D32C3207B32C4203AC327
:1008400020FE03D83AC22032C5203C32C6203C32BA
:10085000C7203E0132BF20CD65083AC820B7C8AFD7
:1008600032BF20C9C9AF32C8203AC520CD7B083A73
:10087000C620CD7B083AC720C37B0832CB20AF32DD
:10088000CC20CD9D083ACB205726703ACC206FCD96
:100890009BCACDAF0821CC2034C28208C93ACC20F3
:1008A000473ACB2080A8074F780FA9C6315FC9F51A
:1008B0004F3AC820B132C820F1C9AF32AE2032AFB2
:1008C0002032B1203D32B02011CE200E0FCD0500D8
:1008D00032B0203CC83E0132AF203AA520B7C82A2A
:1008E000A82022B22022B6202AB62011800019EBBF
:1008F0002AAA20B7ED52DA2209ED5BB6200E1ACDF6
:10090000050011CE200E14CD0500B7C222092AB66B
:10091000201180001922B62021B120347EFEF0DAA9
:10092000E8081180000E1ACD05003AB120B7C83E84
:100930000132AE202AB62022B4201100011922A8CB
:100940002022AC20ED5BA8202AAA20B7ED52DA5F66
:10095000097C32A620B7CA5F093E0132A520C9AF83
:1009600032A62032A520C9AF329F2032A02032A16A
:1009700020CD16C9C0CD7DC93E01329F203ABF208F
:10098000B7C2B2093AA620FE0AD2A709FE05D29C38
:10099000093E0132A0203E1032A120C93E0232A001
:1009A000203E4032A120C93E0332A0203EA032A109
:1009B00020C93E0432A0203E6032A120C9AF32A23D
:1009C000203ABF20B7C2D7093AAE20B7C2F9093AD8
:1009D000A520B7C2FF09C93AAF20B7C2ED093AAEA8
:1009E00020B7CAF3093AB120FE24DAF3093E0432F3
:1009F000A220C93E0332A220C93E0232A220C93E33
:100A00000132A220C93AA520B7C82AA82022AC20CA
:100A1000AF32A720C9CD4F0A3AA520B7C83AA720C0
:100A2000FEDCD02AAC20ED5BAA207CBADA330AC007
:100A30007DBBD03A86207723CD620C77233A852080
:100A40007723CD9A0A772322AC2021A72034C93AF4
:100A5000BF20B7C83AA720FEF0D032CD2026713A89
:100A6000CD206F3A85205F3AC52057CD9BCA32C949
:100A70002026713ACD206FCD620C5F3AC62057CD4B
:100A80009BCA32C92026713ACD206FCD9A0A5F3AAF
:100A9000C72057CD9BCA32C920C93AA720E63F4795
:100AA0003A7D20B778CAAA0AF640473A9320FEFF5B
:100AB00078C8F680C93AA220FE04CACA0AFE03CA50
:100AC000CF0AFE02CAD40AC3E00A3EF0C3D60A3EE9
:100AD000E0C3D60A3EC0473AA720E60FB0D302C90A
:100AE0003AA720473AA620A8D302C9CDD30B473A4C
:100AF0007D20B7CAFD0AAFD30178D302C9AFD300B6
:100B000078D302C9CDB50B47CDD30B4F3A7D20B773
:100B1000CA1D0BAFD30178D30079D302C9AFD3007C
:100B200078D30179D302C9CD850DCD810B47CDD3C3
:100B30000B4F3A7D20B7CA400B78D30079D302C956
:100B400078D30179D302C9CD910B47CDD30B4F3A5E
:100B50007D20B7CA5D0B78D30079D302C978D30161
:100B600079D302C9CDA30B47CDD30B4F3A7D20B724
:100B7000CA7A0B78D30079D302C978D30179D3022A
:100B8000C93A8620E61F473A9320FEFF78C8F62030
:100B9000C93A8620E61FF640473A9320FEFF78C800
:100BA000F620C93A8120E61FF6C0473A8420FEFFAE
:100BB00078C8F620C93A8120E61FF680473A84209B
:100BC000FEFF78CAC80BF620473A6820E60178C8CD
:100BD000F640C9219E20347EE603CAEA0BFE01CA14
:100BE000F90BFE02CA140CC32D0C3A7E20E61F47F7
:100BF0003A7D20B778C8F620C93AA720E61F473AC1
:100C0000BF20B7C20E0C3AA520B778CA110C78F6EF
:100C100020F640C9CD400C47CD510CB8D2270C4F1F
:100C20007891E61FF680C990E61FF6A0C93A9B208E
:100C3000E61F473A7F20B778CA3D0CF620F6C0C9B8
:100C40003A7920E60F87878787473A7A20E60FB000
:100C5000C93A7B20E60F87878787473A7C20E60FD3
:100C6000B0C93A642087878787473A6320B0C9CDE7
:100C7000A610CD470BCD150AC37B0C3A7F20B7CA0F
:100C80009B0C3A8020473A8520B8DAC10CCA930CF5
:100C9000C39B0CCD5220E601CAC10C3E01327F201D
:100CA0003A85203280203A86203281203A632032F1
:100CB00082203A64203283203A9320328420CD640B
:100CC0000BC93A6320473A8920B8C2D80C3A64204D
:100CD000473A8A20B8CA760FCD580DCD850D3A9384
:100CE00020FEFFCA070D473A7D20B7CAF70C78FEF1
:100CF00010D2760FC3FD0C78FE10DA760F78CD3562
:100D0000207EFE06CA760F3A9320FEFFC2300D3ACF
:100D10008620473A9420B8C2300D3A6320473A956E
:100D200020B8C2300D3A6420473A9620B8CA760FF0
:100D30003A8620CD35207EFE01CAA80DFE03CA5793
:100D40000EFE04CA930EFE02CAA50EFE05CAB90E17
:100D5000FE06CA7A0EC3760F3A6320473A89204FBF
:100D60007891328B20CD7F0D328D203A6420473A26
:100D70008A204F7891328C20CD7F0D328E20C9FE93
:100D800080D82F3CC93A6320473A64204F7841CD40
:100D9000970D7E329320C94F786F26002929295953
:100DA000160019110D2219C93A7D20B7CA030E3A4F
:100DB0008D20B7C2E80D3A9320FEFFC2760F3A8C21
:100DC00020FE01CA730FFE02C2760F3A8A20FE018E
:100DD000C2760F3A8920473E024F7841CD970D7E6B
:100DE000FEFFCA730FC3760F3A8D20FE01C2760F45
:100DF0003A8C20FE01C2760F3A9320FEFFC2730F99
:100E0000C3760F3A8D20B7C23C0E3A9320FEFFC244
:100E1000760F3A8C20FEFFCA730FFEFEC2760F3AA1
:100E20008A20FE06C2760F3A8920473E054F784158
:100E3000CD970D7EFEFFCA730FC3760F3A8D20FE4D
:100E400001C2760F3A8C20FEFFC2760F3A9320FE45
:100E5000FFC2730FC3760F3A8D20FE01C26A0E3AAD
:100E60008E20FE02CA730FC3760FFE02C2760F3ABF
:100E70008E20FE01CA730FC3760F3A8D20FE02D278
:100E8000760F3A8E20FE02D2760FCDCB12DA760F95
:100E9000C3730F3A8D20B7CA760F473A8E20B8C277
:100EA000760FC3E20E3A8D20B7CAB60E3A8E20B73F
:100EB000CAB60EC3760FC3E20E3A8D20473A8E2093
:100EC000B8CAD50E3A8D20B7CADF0E3A8E20B7CAFF
:100ED000DF0EC3760F3A8D20B7CA760FC3E20EC37A
:100EE000E20ECD3D0F3A8920473A8F208032912083
:100EF0003A8A20473A9020803292203A9120473A0D
:100F00006320B8C2110F3A9220473A6420B8CA73DE
:100F10000F3A9120473A92204F7841CD970D7EFEAF
:100F2000FFC2760F3A9120473A8F20803291203AC3
:100F30009220473A902080329220C3FB0EAF328F2E
:100F4000203290203A8B20B7CA5D0FFE80D2580F16
:100F50003E01328F20C35D0F3EFF328F203A8C203E
:100F6000B7C8FE80D26D0F3E01329020C93EFF32DD
:100F70009020C9C3780FB7C93A632032B8203A64C9
:100F80002032B9203A932032BA20CDCB0FCD4D106C
:100F90003E0132BE20CDCB12DAA20FAF32BB20C34E
:100FA000A70F3E0132BB20AF32BE20CD0B103AB8A6
:100FB000203263203AB9203264203ABA203293209A
:100FC0003ABB20B7C2C90F37C9B7C93A8920473AD7
:100FD0008A204F7841CD970D36FF3A6320473A6417
:100FE000204F7841CD970D3A8620773A8620CD293B
:100FF000203A6320773A8620CD2F203A6420773A32
:10100000BA20FEFFC8CD4720AF77C93AB820473A8B
:10101000B9204F7841CD970D3ABA20773A892047C9
:101020003A8A204F7841CD970D3A8620773A86202C
:10103000CD29203A8920773A8620CD2F203A8A2060
:10104000773ABA20FEFFC8CD47203601C93A7D2045
:10105000B7CA61103E1032BC203E2032BD20C36AA8
:1010600010AF32BC203E1032BD203ABC20473ABD02
:1010700020B8C83ABC20CD47207EB7CA9F103ABCE2
:1010800020CD35207EFE06C29F103ABC20CD2920FF
:101090007E3263203ABC20CD2F207E326420C921CD
:1010A000BC2034C36A103E123285203A9320FEFFE2
:1010B000CAC210CD35207ECDE81DCDEE1D3E12CD2D
:1010C000EE1D3A6320FE02DAE110FE06D2E1103A8C
:1010D0006420FE02DAE110FE06D2E1103E06CDEEFB
:1010E0001D3A6320FE03DA0011FE05D200113A64B6
:1010F00020FE03DA0011FE05D200113E08CDEE1DE0
:101100003A8620CD35207EFE01C22A113A7D20B7D5
:10111000CA1D113A642087CDEE1DC32A113E074730
:101120003A64204F789187CDEE1D3A8620CD352048
:101130007EFE03CA3B11FE04C25E113A7D20B7CA8F
:1011400051113A8A20B7C25E113E0ACDEE1DC35E30
:10115000113A8A20FE07C25E113E0ACDEE1DCD6A0D
:1011600011CD5220E607CDEE1DC9CD1615CD470B8A
:10117000CD6715CD470BCD9A15CD470BCDF511CDCC
:10118000470BCD1712CD470BCD5612CD470BCD6A6D
:1011900012CD470BCDB812CD470BCDD015CD470B97
:1011A000CD2816CD470BCDBD17CD470BCD7018CD33
:1011B000470BCD3319CD470BCD3A1ACD470BCD6D2B
:1011C0001ACD470BCD901ACD470BCDB41ACD470B96
:1011D000CD561ACD470BCD681BCD470BCDFD1BCD92
:1011E000470BCD291CCD470BCD8316CD470BCD70BA
:1011F0001CCD470BC93A8D20473A8E2080E60FCD93
:10120000EE1D3A6320B7C8FE07C83A6420B7C8FE8F
:1012100007C83E03C3EE1D3A7E20FE18D03A862052
:10122000CD35207EFE03CA3912FE04CA3912FE05EE
:10123000CA4C12FE06CA5112C93A8A20FE00CA4799
:1012400012FE07CA4712C93E0CC3EE1D3E12C3115F
:101250001D3E1EC3111DCD0B13D03E0ACDEE1D3A0F
:101260009320FEFFC83E0CC3EE1DCDCB12D0CD0B9C
:1012700013DAB3123A8620CD35207EFE01CA9A12C7
:10128000FE03CA9F12FE04CA9F12FE02CAA412FEE7
:1012900005CAA912FE06CAAE12C93E0CC3111D3EF4
:1012A0002AC3111D3E3EC3111D3E5FC3111D3EB436
:1012B000C3111D3E0EC3111D3A8620CD35207EFE82
:1012C00006C0CDCB12D03EC8C3111D3A7D20B7CA8F
:1012D000DE12AF32FA203E1032FB20C3E8123E107D
:1012E00032FA203E2032FB203AFA20473AFB20B85F
:1012F000CA09133AFA20CD47207EB7CA0213CD5649
:1013000013D821FA2034C3E812B7C93A7D20B7CAEE
:101310001F133E1032FA203E2032FB20C32813AFA9
:1013200032FA203E1032FB203AFA20473AFB20B82E
:10133000CA54133AFA20473A8620B8CA4D133AFAEB
:1013400020CD47207EB7CA4D13CD5613D821FA20A1
:1013500034C32813B7C9CD8F13CDA4133A00214746
:101360003A0121B0CA14153AFA20CD35207EFE018B
:10137000CACB13FE03CAF113FE04CA2714FE02CA25
:101380003514FE05CA4914FE06CA1414C314153ACE
:10139000FA20CD29207E32FC203AFA20CD2F207E63
:1013A00032FD20C93A6320473AFC204F789132FE43
:1013B00020CD7F0D3200213A6420473AFD204F783E
:1013C0009132FF20CD7F0D320121C93A0021FE016B
:1013D000C214153AFA20FE10DAE6133AFF20FE0195
:1013E000CA1215C314153AFF20FEFFCA1215C31402
:1013F000153A0021FE01C204143A0121FE02CA126C
:1014000015C31415FE02C214153A0121FE01CA12B9
:1014100015C314153A0021FE02D214153A0121FE1B
:1014200002D21415C312153A0021473A0121B8C25D
:101430001415C372143A0021B7CA46143A0121B7F1
:10144000CA4614C31415C372143A0021473A012145
:10145000B8CA65143A0021B7CA6F143A0121B7CA55
:101460006F14C314153A0021B7CA1415C37214C3FC
:101470007214CDDC143AFC20473A02218032042158
:101480003AFD20473A0321803205213A0421473AA8
:101490006320B8C2A1143A0521473A6420B8CA12A1
:1014A000153A0421473A05214F7841CD970D7EFE2C
:1014B000FFCAC314473ABE20B7C214153A8620B8F3
:1014C000C214153A0421473A0221803204213A0518
:1014D00021473A032180320521C38B14AF32022108
:1014E0003203213AFE20B7CAFC14FE80D2F7143E24
:1014F00001320221C3FC143EFF3202213AFF20B721
:10150000C8FE80D20C153E01320321C93EFF3203D2
:1015100021C937C9B7C93A8620CD35207EFE01CA18
:101520003C15FE02CA4215FE03CA4815FE04CA4E07
:1015300015FE05CA5415FE06CA5A15C9218D23C3C6
:10154000601521CD23C36015210D24C36015214DE5
:1015500024C36015218D24C3601521CD24C36015DB
:10156000CDF21CCDEE1DC93A8620CD35207EFE0180
:10157000C03A6320FE03DA8315FE05D283153E0AC6
:10158000CDEE1D3A6320B7CA9515FE07CA95153EE4
:1015900004CDEE1DC93E05C3111D3A8620CD352070
:1015A0007EFE01C03A7D20B7CAB9153A6420FE0715
:1015B000CAC615FE06CACB15C93A6420B7CAC615F5
:1015C000FE01CACB15C93E5AC3EE1D3E20C3EE1D17
:1015D0003A9320FEFFC8CD35207ECDE81D32A320F2
:1015E0003A8620CD35207ECDE81D32A420CDCB1209
:1015F000D22316CD0B13DA0E163AA320473AA420B5
:10160000B8DA09163E24C3111D3E0EC3EE1D3AA4DE
:1016100020473AA320B8DA1E163E14C3EE1D3E0A38
:10162000C3111D3E12C3EE1D3A7E20FE50D83A86ED
:1016300020CD35207EFE06CA4016FE01CA6416C9BA
:101640003A6320FE02DA5F16FE06D25F163A642085
:10165000FE02DA5F16FE06D25F163E0CC3EE1D3E9A
:1016600006C3111D3A7D20B7CA74163A642087C696
:1016700004C3EE1D3E07473A64204F789187C604A5
:10168000C3EE1D3ABF20B7C2E3163AAE20B7CA9CDC
:10169000163AB120FE24DA9C16C36A17CDD41C2159
:1016A000B8A1CD081DE607CDEE1D3A9D20C6293212
:1016B0009D2021B8A6CD081DE607CDEE1D3A9D2040
:1016C000C649329D2021B8ACCD081DE607CDEE1DE0
:1016D0003A9D20C66D329D2021B8B2CD081DE6038B
:1016E000C3EE1DCDD41C3AC520CD4017E607CDEE84
:1016F0001D3A9D20C629329D203AC620CD4017E6CE
:1017000007CDEE1D3A9D20C649329D203AC720CD17
:101710004017E607CDEE1D3AA020FE04DA32173A54
:101720009D20C66D329D203AC720CD4017E603CDDF
:10173000EE1D3AAE20B7C83AB120FE24D8C36A17CE
:1017400032CB2026703A9D206F3ACB2057CD93CADA
:1017500032C920B7C25C177B32CA20C93A9D2047E4
:101760003A8620A8C61132CA20C9CDD41C2AB2207C
:10177000CD081DE607CDEE1D3A9D20C629329D20DD
:101780002AB22011000519CD081DE607CDEE1D3A3D
:101790009D20C649329D202AB22011000B19CD0888
:1017A0001DE607CDEE1D3A9D20C66D329D202AB262
:1017B0002011001119CD081DE603C3EE1D3A632068
:1017C00032B8203A642032B9203A932032BA20CD80
:1017D000CB0FCD17183A862032FA20CD5613DAFDFA
:1017E00017CD0B13DAFD17CD0B103AB8203263205A
:1017F0003AB9203264203ABA20329320C9CD0B1076
:101800003AB8203263203AB9203264203ABA203202
:1018100093203E16C3EE1D3A7D20B7CA2A18AF3278
:10182000BC203E1032BD20C334183E1032BC203ED6
:101830002032BD203ABC20473ABD20B8C83ABC206F
:10184000CD47207EB7CA69183ABC20CD35207EFE30
:1018500006C269183ABC20CD29207E3263203ABCEA
:1018600020CD2F207E326420C921BC2034C33418FF
:101870003A632032B8203A642032B9203A932032B9
:10188000BA20CDCB0FCDB918CD0B103AB8203263AA
:10189000203AB9203264203ABA203293203AF2201A
:1018A000B7C8CD111D3A9F20B7C83AA020FE03D873
:1018B0003AF220CB3FC8C3111DAF32F2203A7D204F
:1018C000B7CAD1183E1032F4203E2032F520C3DAD8
:1018D00018AF32F4203E1032F5203AF420473AF5A2
:1018E00020B8C83AF420CD47207EB7CA2C193AF464
:1018F00020CD29207E3263203AF420CD2F207E3265
:101900006420CDCB12D22C193AF420CD35207ECDD7
:10191000E81D32F320CD0B133AF320D22019CB3F30
:10192000473AF220B8D22C197832F22021F4203430
:10193000C3DA183A632032B8203A642032B9203A28
:10194000932032BA20CDCB0FCD8019CD0B103AB8F1
:10195000203263203AB9203264203ABA20329320F0
:101960003AF620B7C8CB3FCDEE1D3A9F20B7C83A14
:10197000A020FE02D83AF620CB3FCB3FC8C3EE1DD5
:10198000AF32F6203A7D20B7CA9719AF32F8203E21
:101990001032F920C3A1193E1032F8203E2032F94E
:1019A000203AF820473AF920B8C83AF820CD472025
:1019B0007EB7CAF3193AF820CD29207E3263203A47
:1019C000F820CD2F207E326420CDFA19D2F3193AB7
:1019D000F820CD35207ECDE81D32F720CDCB123A50
:1019E000F720D2E719CB3F473AF620B8D2F319785F
:1019F00032F62021F82034C3A1193A7D20B7CA0E4F
:101A00001A3E1032FA203E2032FB20C3171AAF32A2
:101A1000FA203E1032FB203AFA20473AFB20B8CA9F
:101A2000381A3AFA20CD47207EB7CA311ACD56135C
:101A3000D821FA2034C3171AB7C93AA520B7C83A33
:101A4000A620FE04DA511A3AA720E607C603C3EE21
:101A50001D3E01C3EE1D3ABF20B7C83AC520473A24
:101A6000C620A8473ACA20A8E603C3EE1D3A9F2025
:101A7000B7C83AA620B7C8FE0CD28B1AFE06D2868B
:101A80001A3E03C3EE1D3E08C3EE1D3E0EC3EE1DFF
:101A9000CDCB12DAA41A3E0CCDEE1DCD0B13D03EE9
:101AA0000AC3EE1DCD0B13DAAF1A3E12C3111D3E51
:101AB00004C3111D3A9F20B7CA5A1BCDD41C210D57
:101AC00041CD081DE60FCDEE1D3A9D20C611329D79
:101AD00020210D48CD081DE60FCDEE1D3A9D20C6F4
:101AE0001D329D20210D54CD081DE60FCDEE1D3A6F
:101AF0009D20C62B329D20210D60CD081DE607CD0F
:101B0000EE1D3AA020FE02D83A9D20C63D329D200F
:101B1000210D70CD081DE607CDEE1D3AA020FE0375
:101B2000D83A9D20C659329D20210D80CD081DE652
:101B300007CDEE1D3A9D20C671329D20210D90CD1E
:101B4000081DE603CDEE1D3A9D20C697329D20214B
:101B50000DA0CD081DE603C3EE1DCDD41C210D4103
:101B6000CD081DE603C3EE1D3A7D20B7CA781BCD14
:101B7000811BD03E1CC3111DCDA41BD03E1CC31124
:101B80001D3A6420FE07CAF91B3C4F3A6320B7CACE
:101B9000971B3DCDC61BD83A6320FE07CAF91B3CF4
:101BA000CDC61BC93A6420B7CAF91B3D4F3A632022
:101BB000B7CAB91B3DCDE11BD83A6320FE07CAF96D
:101BC0001B3CCDE11BC941CD970D7EFEFFCAF91B21
:101BD000FE10D2F91BCD35207EFE01CAFB1BC3F9D6
:101BE0001B41CD970D7EFEFFCAF91BFE10DAF91BD3
:101BF000CD35207EFE01CAFB1BB7C937C93A9320F9
:101C0000FEFFC03A8620473A9420B8C2131C3E1803
:101C1000CD111D3A9920B8C21F1C3E0CCD111D3AA2
:101C20009A20B8C03E08C3111DCDD41C210D3DCD56
:101C3000081DE60FCDEE1D3A9D20C625329D2021C0
:101C40000D3ECD081DE607CDEE1D3A9D20C6533250
:101C50009D20210D3FCD081DE607CDEE1D3A9D20AC
:101C6000C695329D20210D40CD081DE603C3EE1D13
:101C7000CDD41C3A8620CD35207ECD241DCD081D27
:101C8000E60FCDEE1D3A9D20C635329D203A8620C6
:101C9000CD35207ECD551DCD081DE607CDEE1D3A74
:101CA0009D20C661329D203A8620CD35207ECD868E
:101CB0001DCD081DE607CDEE1D3A9D20C683329D41
:101CC000203A8620CD35207ECDB71DCD081DE603F8
:101CD000CDEE1DC93A6420878787473A6320804745
:101CE0003A862080473A7E2080473A6D2080329D98
:101CF00020C9E53A64206F26002929293A63205F2C
:101D0000160019EBE1197EC93A9D205F1600197E75
:101D1000C9473A8520B8DA1E1D90328520C93E0198
:101D2000328520C9FE01CA411DFE02CA451DFE03BF
:101D3000CA491DFE04CA4D1DFE05CA511D210D2AAA
:101D4000C9210D25C9210D26C9210D27C9210D281D
:101D5000C9210D29C9FE01CA721DFE02CA761DFEE7
:101D600003CA7A1DFE04CA7E1DFE05CA821D210D0E
:101D700030C9210D2BC9210D2CC9210D2DC9210DD3
:101D80002EC9210D2FC9FE01CAA31DFE02CAA71D1F
:101D9000FE03CAAB1DFE04CAAF1DFE05CAB31D215A
:101DA0000D36C9210D31C9210D32C9210D33C9218B
:101DB0000D34C9210D35C9FE01CAD41DFE02CAD891
:101DC0001DFE03CADC1DFE04CAE01DFE05CAE41D9B
:101DD000210D3CC9210D37C9210D38C9210D39C943
:101DE000210D3AC9210D3BC9210621C3F71D473AF0
:101DF000852080328520C95F1600197EC9AF3271F7
:101E0000203E023272203A8220473A95204F789144
:101E1000CD7F0D3273203A8320473A96204F789138
:101E2000CD7F0D3274203A7320B7C83A7420B7C8FA
:101E30003A7320473A7420B8C83E01327120C93A3B
:101E40007220B7CA4B1E3D327220C93E0232722048
:101E50003A7120B7C2601ECD771ECD911EC3AB1E56
:101E60003A6220CD1D203A6520773A6220CD2320AA
:101E70003A662077C3AB1E3A6220CD1D207E473ADA
:101E80006520B8C8D28C1E78D61077C978C610776E
:101E9000C93A6220CD23207E473A6620B8C8D2A630
:101EA0001E78D61077C978C61077C93A6220CD1D42
:101EB000207E473A6520B8C03A6220CD23207E4775
:101EC0003A6620B8C0C3C81EAF326120CD011F3AA8
:101ED0009B20FE50D2FA1ECD1F1FCD51043E013271
:101EE00070203A7D20EE01327D20217E20347EFE5E
:101EF000DCD2FA1E3E08326820C9219C2034C33C43
:101F0000063A8420FEFFC21A1F3A8120CD35207E7A
:101F1000FE01CA1A1F219B2034C9AF329B20C93A47
:101F20008120CD35207EFE01C03A7D20B7CA391F01
:101F30003A8320FE07C0C33E1F3A8320B7C03A81D0
:101F400020CD352036053A8120CD3B203610C9CD35
:101F50004720AF77C93A6220FE10DA601FC3731FB3
:101F6000217A20CD861FD26F1F217920CD861FCDEB
:101F7000AD02C9217C20CD861FD2821F217B20CDBE
:101F8000861FCDAD02C9347EFE10DA911FAF7737C0
:101F9000C9B7C987878787C640C987878787C6200B
:101FA000C93A6120B7C2B41F3A7020B7C8AF3270C7
:101FB00020C3B41FED5B24C6CD0BC83A6120B7CA5D
:101FC000C81F3A6220CDCD1F3ED0C374C6326F20E9
:101FD000CD47207EB7CA00203A6F20CD23207ECD8A
:101FE00074C63A6F20CD1D207ECD74C63A6F20CDC9
:101FF0003B207ECD74C63A6F20CD41207EC374C68F
:102000003ED1CD74C6AFCD74C6AFCD74C6AFC37468
:10201000C6ED5B24C6CD0BC83ED0C374C6210D21CE
:10202000C34D20212D21C34D20214D21C34D202101
:102030006D21C34D20218D21C34D2021AD21C34DE4
:102040002021CD21C34D2021ED21C34D205F16005D
:1020500019C93A6D200FD25B20EEB8326D20C9004D
:1020600000000000000000FF0000000000A70000CA
:102070000000000000000000000000000000000060
:1020800000000000FF000000000000000000000051
:10209000000000FF00FFFFFFFFFFFF000000000047
:1020A0000000000000000000000000000000000030
:1020B000FF000000000000000000FF000000000022
:1020C00000000000000000000000000000000043CD
:1020D0004858523239202042524E00000000000081
:1020E00000000000000000000000000000000000F0
:1020F00000000000000000000000000000000000E0
:1021000000000000000000165F3E40960000000046
:1021100000000000000000000000000000000000BF
:1021200000000000000000000000000000000000AF
:10213000000000000000000000000000000000009F
:10214000000000000000000000000000000000008F
:10215000000000000000000000000000000000007F
:10216000000000000000000000000000000000006F
:10217000000000000000000000000000000000005F
:10218000000000000000000000000000000000004F
:10219000000000000000000000000000000000003F
:1021A000000000000000000000000000000000002F
:1021B000000000000000000000000000000000001F
:1021C000000000000000000000000000000000000F
:1021D00000000000000000000000000000000000FF
:1021E00000000000000000000000000000000000EF
:1021F00000000000000000000000000000000000DF
:1022000000000000000000000000000000FFFFFFD1
:10221000FFFFFFFFFFFFFFFFFFFFFFFFFFFFFFFFCE
:10222000FFFFFFFFFFFFFFFFFFFFFFFFFFFFFFFFBE
:10223000FFFFFFFFFFFFFFFFFFFFFFFFFFFFFFFFAE
:10224000FFFFFFFFFFFFFFFFFFFFFFFFFF405060AB
:10225000708090A0B0405060708090A0B0405060FE
:10226000708090A0B0405060708090A0B09090902E
:10227000909090909080808080808080802020202E
:10228000202020202030303030303030300001022B
:102290000304050607000102030405060700010206
:1022A00003040506070001020304050607070707E4
:1022B00007070707070606060606060606000000CB
:1022C00000000000000101010101010101020304FD
:1022D00005060403020101010101010101020304D9
:1022E0000506040302010101010101010104080CBA
:1022F00010140C0804000000000000000004080C8A
:1023000010140C080400000000000000000F0F0F64
:102310000F0F0F0F0F0F0F0F0F0F0F0F0F010101F7
:10232000010101010101010101010101010101019D
:10233000010101010101010101010101010101018D
:10234000010101010101010101010101011011124D
:10235000131415161718191A1B1C1D1E1FFFFFFF3B
:10236000FFFFFFFFFFFFFFFFFFFFFFFFFFFFFFFF7D
:10237000FFFFFFFFFFFFFFFFFFFFFFFFFF08090A4F
:102380000B0C0D0E0F0001020304050607070707DB
:102390000A0A0707070606060909060606050505CF
:1023A00008080505050404040707040404040404DC
:1023B00007070404040505050808050505060606C3
:1023C00009090606060707070A0A0707070404049F
:1023D000070704040406060609090606060606069B
:1023E0000909060606060606090906060606060681
:1023F0000909060606060606090906060606060671
:102400000909060606040404070704040400000082
:1024100000000000000002020505020200000205A3
:1024200008080502000005080B0B08050000050858
:102430000B0B080500000205080805020000020257
:102440000505020200000000000000000004020474
:102450000204020402020402070504020404020743
:10246000080A0504020207080D0B0A050404050A00
:102470000B0D0807020204050A08070204040204FF
:102480000507020402020402040204020403030317
:102490000303030303030303060603030303030603
:1024A00009090603030306090C0C090603030609C0
:1024B0000C0C0906030303060909060303030303BF
:1024C00006060303030303030303030303080A0AC3
:1024D00008080A0A08080808050508080808080581
:1024E00002020508080805020000020508080502A6
:1024F0000000020508080805020205080808080887
:102500000505080808080A0A08080A0A08000C0D48
:102510001F1A121B010C08010B0E161715180405C3
:1025200007021A131914100903060E1F1D101C1D93
:102530000F0A020B111C18111B1E060705081415A3
:1025400017120A030904001913161E0F0D000C0DB3
:102550001F1A121B010C08010B0E16171518040583
:1025600007021A131914100903060E1F1D101C1D53
:102570000F0A020B111C18111B1E06070508141563
:1025800017120A030904001913161E0F0D000C0D73
:102590001F1A121B010C08010B0E16171518040543
:1025A00007021A131914100903060E1F1D101C1D13
:1025B0000F0A020B111C18111B1E06070508141523
:1025C00017120A030904001913161E0F0D000C0D33
:1025D0001F1A121B010C08010B0E16171518040503
:1025E00007021A131914100903060E1F1D101C1DD3
:1025F0000F0A020B111C18111B1E060705081415E3
:1026000017120A030904001913161E0F0D000C0BF4
:10261000191A0E111F1408071D0602051B081413B2
:1026200011121619070C001F050E1A1D13101C1B82
:10263000090A1E010F0418170D1612150B180403B2
:1026400001020609171C100F151E0A0D03000C0BC2
:10265000191A0E111F1408071D0602051B08141372
:1026600011121619070C001F050E1A1D13101C1B42
:10267000090A1E010F0418170D1612150B18040372
:1026800001020609171C100F151E0A0D03000C0B82
:10269000191A0E111F1408071D0602051B08141332
:1026A00011121619070C001F050E1A1D13101C1B02
:1026B000090A1E010F0418170D1612150B18040332
:1026C00001020609171C100F151E0A0D03000C0B42
:1026D000191A0E111F1408071D0602051B081413F2
:1026E00011121619070C001F050E1A1D13101C1BC2
:1026F000090A1E010F0418170D1612150B180403F2
:1027000001020609171C100F151E0A0D03000D0308
:102710001A1A0B09141E13111800190F0A1C090F9D
:1027200006060705100A1F0D141C051B1618051BAD
:10273000121203010C160B091018110702140107DD
:102740001E1E1F1D080217050C141D130E000D037D
:102750001A1A0B09141E13111800190F0A1C090F5D
:1027600006060705100A1F0D141C051B1618051B6D
:10277000121203010C160B0910181107021401079D
:102780001E1E1F1D080217050C141D130E000D033D
:102790001A1A0B09141E13111800190F0A1C090F1D
:1027A00006060705100A1F0D141C051B1618051B2D
:1027B000121203010C160B0910181107021401075D
:1027C0001E1E1F1D080217050C141D130E000D03FD
:1027D0001A1A0B09141E13111800190F0A1C090FDD
:1027E00006060705100A1F0D141C051B1618051BED
:1027F000121203010C160B0910181107021401071D
:102800001E1E1F1D080217050C141D130E000E03BB
:10281000031E040D05041A070F0A18190908161BD0
:102820001B160C151D1C120F1712101111101E1360
:10283000130E141D15140A171F1A08091918060B70
:102840000B061C050D0C021F0702000101000E0300
:10285000031E040D05041A070F0A18190908161B90
:102860001B160C151D1C120F1712101111101E1320
:10287000130E141D15140A171F1A08091918060B30
:102880000B061C050D0C021F0702000101000E03C0
:10289000031E040D05041A070F0A18190908161B50
:1028A0001B160C151D1C120F1712101111101E13E0
:1028B000130E141D15140A171F1A08091918060BF0
:1028C0000B061C050D0C021F0702000101000E0380
:1028D000031E040D05041A070F0A18190908161B10
:1028E0001B160C151D1C120F1712101111101E13A0
:1028F000130E141D15140A171F1A08091918060BB0
:102900000B061C050D0C021F070200010109180C23
:1029100009070A0E170D0C080D13161203011014E7
:10292000111F02061F151400051B1E1A1B19081C77
:1029300019171A1E071D1C181D0306021311000487
:10294000010F12160F050410150B0E0A0B09180CB7
:1029500009070A0E170D0C080D13161203011014A7
:10296000111F02061F151400051B1E1A1B19081C37
:1029700019171A1E071D1C181D0306021311000447
:10298000010F12160F050410150B0E0A0B09180C77
:1029900009070A0E170D0C080D1316120301101467
:1029A000111F02061F151400051B1E1A1B19081CF7
:1029B00019171A1E071D1C181D0306021311000407
:1029C000010F12160F050410150B0E0A0B09180C37
:1029D00009070A0E170D0C080D1316120301101427
:1029E000111F02061F151400051B1E1A1B19081CB7
:1029F00019171A1E071D1C181D03060213110004C7
:102A0000010F12160F050410150B0E0A0B00000122
:102A1000020D0D0C05060A0B080F0B0A07040C0D1E
:102A20000E01010001020E0F0C0B07060B0808092E
:102A30000A0505040D0E0203000703020F0C04052E
:102A400006090908090A060704030F0E030000011E
:102A5000020D0D0C05060A0B080F0B0A07040C0DDE
:102A60000E01010001020E0F0C0B07060B080809EE
:102A70000A0505040D0E0203000703020F0C0405EE
:102A800006090908090A060704030F0E03000001DE
:102A9000020D0D0C05060A0B080F0B0A07040C0D9E
:102AA0000E01010001020E0F0C0B07060B080809AE
:102AB0000A0505040D0E0203000703020F0C0405AE
:102AC00006090908090A060704030F0E030000019E
:102AD000020D0D0C05060A0B080F0B0A07040C0D5E
:102AE0000E01010001020E0F0C0B07060B0808096E
:102AF0000A0505040D0E0203000703020F0C04056E
:102B000006090908090A060704030F0E0300081F37
:102B1000090E0E011B141413151A121D1F1810078D
:102B200001060609031C0C0B1D021A151710180FBD
:102B3000191E1E110B040403050A020D0F080017CD
:102B400011161619130C1C1B0D120A050700081F7D
:102B5000090E0E011B141413151A121D1F1810074D
:102B600001060609031C0C0B1D021A151710180F7D
:102B7000191E1E110B040403050A020D0F0800178D
:102B800011161619130C1C1B0D120A050700081F3D
:102B9000090E0E011B141413151A121D1F1810070D
:102BA00001060609031C0C0B1D021A151710180F3D
:102BB000191E1E110B040403050A020D0F0800174D
:102BC00011161619130C1C1B0D120A050700081FFD
:102BD000090E0E011B141413151A121D1F181007CD
:102BE00001060609031C0C0B1D021A151710180FFD
:102BF000191E1E110B040403050A020D0F0800170D
:102C000011161619130C1C1B0D120A0507000601DC
:102C100005020C071F040A0D191E180B0B181E19AC
:102C20000D0A141F170C121511161013131016117C
:102C300015121C170F141A1D090E081B1B080E096C
:102C40001D1A040F071C02050106000303000601FC
:102C500005020C071F040A0D191E180B0B181E196C
:102C60000D0A141F170C121511161013131016113C
:102C700015121C170F141A1D090E081B1B080E092C
:102C80001D1A040F071C02050106000303000601BC
:102C900005020C071F040A0D191E180B0B181E192C
:102CA0000D0A141F170C12151116101313101611FC
:102CB00015121C170F141A1D090E081B1B080E09EC
:102CC0001D1A040F071C020501060003030006017C
:102CD00005020C071F040A0D191E180B0B181E19EC
:102CE0000D0A141F170C12151116101313101611BC
:102CF00015121C170F141A1D090E081B1B080E09AC
:102D00001D1A040F071C0205010600030300010140
:102D100000060F03021E07070E0C1D01080C0D0D07
:102D20001C021B0F0E1A03031A18191D0418191977
:102D3000181E071B1A161F1F060415190004050587
:102D4000141A130706121B1B121011151C00010187
:102D500000060F03021E07070E0C1D01080C0D0DC7
:102D60001C021B0F0E1A03031A18191D0418191937
:102D7000181E071B1A161F1F060415190004050547
:102D8000141A130706121B1B121011151C00010147
:102D900000060F03021E07070E0C1D01080C0D0D87
:102DA0001C021B0F0E1A03031A18191D04181919F7
:102DB000181E071B1A161F1F060415190004050507
:102DC000141A130706121B1B121011151C00010107
:102DD00000060F03021E07070E0C1D01080C0D0D47
:102DE0001C021B0F0E1A03031A18191D04181919B7
:102DF000181E071B1A161F1F0604151900040505C7
:102E0000141A130706121B1B121011151C00001DAB
:102E100003060A0F09141C1117120E0B15181805BA
:102E20000B0E0207011C04090F0A16131D10100DCA
:102E300013161A1F19040C0107021E1B050808159A
:102E40001B1E1217110C14191F1A06030D00001D6A
:102E500003060A0F09141C1117120E0B151818057A
:102E60000B0E0207011C04090F0A16131D10100D8A
:102E700013161A1F19040C0107021E1B050808155A
:102E80001B1E1217110C14191F1A06030D00001D2A
:102E900003060A0F09141C1117120E0B151818053A
:102EA0000B0E0207011C04090F0A16131D10100D4A
:102EB00013161A1F19040C0107021E1B050808151A
:102EC0001B1E1217110C14191F1A06030D00001DEA
:102ED00003060A0F09141C1117120E0B15181805FA
:102EE0000B0E0207011C04090F0A16131D10100D0A
:102EF00013161A1F19040C0107021E1B05080815DA
:102F00001B1E1217110C14191F1A06030D090C06AB
:102F100003031E1C1915000207070A101511141EC1
:102F20001B1B0604110D180A0F0F02081D191C1691
:102F300013130E0C0905101217171A000501040EC1
:102F40000B0B1614011D081A1F1F12180D090C0671
:102F500003031E1C1915000207070A101511141E81
:102F60001B1B0604110D180A0F0F02081D191C1651
:102F700013130E0C0905101217171A000501040E81
:102F80000B0B1614011D081A1F1F12180D090C0631
:102F900003031E1C1915000207070A101511141E41
:102FA0001B1B0604110D180A0F0F02081D191C1611
:102FB00013130E0C0905101217171A000501040E41
:102FC0000B0B1614011D081A1F1F12180D090C06F1
:102FD00003031E1C1915000207070A101511141E01
:102FE0001B1B0604110D180A0F0F02081D191C16D1
:102FF00013130E0C0905101217171A000501040E01
:103000000B0B1614011D081A1F1F12180D00010CBE
:103010000C09080B05060706020B0A090F0C0D0028
:1030200000050407090A0B020E0F0E0D0B08090418
:10303000040100030D0E0F0E0A0302010704050828
:10304000080D0C0F0102030A060706050300010C18
:103050000C09080B05060706020B0A090F0C0D00E8
:1030600000050407090A0B020E0F0E0D0B080904D8
:10307000040100030D0E0F0E0A03020107040508E8
:10308000080D0C0F0102030A060706050300010CD8
:103090000C09080B05060706020B0A090F0C0D00A8
:1030A00000050407090A0B020E0F0E0D0B08090498
:1030B000040100030D0E0F0E0A03020107040508A8
:1030C000080D0C0F0102030A060706050300010C98
:1030D0000C09080B05060706020B0A090F0C0D0068
:1030E00000050407090A0B020E0F0E0D0B08090458
:1030F000040100030D0E0F0E0A0302010704050868
:10310000080D0C0F0102030A060706050300040957
:10311000030606030904100D07020A0F15081C0117
:103120001B0E0E1B011C18150F1A02171D10141967
:10313000131616131914001D17121A1F05180C1157
:103140000B1E1E0B110C08051F0A12070D000409A7
:10315000030606030904100D07020A0F15081C01D7
:103160001B0E0E1B011C18150F1A02171D10141927
:10317000131616131914001D17121A1F05180C1117
:103180000B1E1E0B110C08051F0A12070D00040967
:10319000030606030904100D07020A0F15081C0197
:1031A0001B0E0E1B011C18150F1A02171D101419E7
:1031B000131616131914001D17121A1F05180C11D7
:1031C0000B1E1E0B110C08051F0A12070D00040927
:1031D000030606030904100D07020A0F15081C0157
:1031E0001B0E0E1B011C18150F1A02171D101419A7
:1031F000131616131914001D17121A1F05180C1197
:103200000B1E1E0B110C08051F0A12070D000007EC
:103210000D0E06191F1C14131112121D1B18080F76
:1032200005061E0107040C0B191A1A1513101017A6
:103230001D1E16090F0C04030102020D0B08181FB6
:1032400015160E1117141C1B090A0A0503000007A6
:103250000D0E06191F1C14131112121D1B18080F36
:1032600005061E0107040C0B191A1A151310101766
:103270001D1E16090F0C04030102020D0B08181F76
:1032800015160E1117141C1B090A0A050300000766
:103290000D0E06191F1C14131112121D1B18080FF6
:1032A00005061E0107040C0B191A1A151310101726
:1032B0001D1E16090F0C04030102020D0B08181F36
:1032C00015160E1117141C1B090A0A050300000726
:1032D0000D0E06191F1C14131112121D1B18080FB6
:1032E00005061E0107040C0B191A1A1513101017E6
:1032F0001D1E16090F0C04030102020D0B08181FF6
:1033000015160E1117141C1B090A0A0503000107E4
:103310000A0E0B11101E1F1D0804110F061C1D03A1
:10332000161A170D0C0A0B0904000D1B1218191F91
:103330000206030908161715001C09071E14151BA1
:103340000E120F05040203011C1805130A000107E1
:103350000A0E0B11101E1F1D0804110F061C1D0361
:10336000161A170D0C0A0B0904000D1B1218191F51
:103370000206030908161715001C09071E14151B61
:103380000E120F05040203011C1805130A000107A1
:103390000A0E0B11101E1F1D0804110F061C1D0321
:1033A000161A170D0C0A0B0904000D1B1218191F11
:1033B0000206030908161715001C09071E14151B21
:1033C0000E120F05040203011C1805130A00010761
:1033D0000A0E0B11101E1F1D0804110F061C1D03E1
:1033E000161A170D0C0A0B0904000D1B1218191FD1
:1033F0000206030908161715001C09071E14151BE1
:103400000E120F05040203011C1805130A0006071B
:103410000B12100D090402031F1E141115080E0FC4
:10342000030A1815111C1A1B07060C090D10161794
:103430001B02001D191412130F0E040105181E1F84
:10344000131A0805010C0A0B17161C191D00060794
:103450000B12100D090402031F1E141115080E0F84
:10346000030A1815111C1A1B07060C090D10161754
:103470001B02001D191412130F0E040105181E1F44
:10348000131A0805010C0A0B17161C191D00060754
:103490000B12100D090402031F1E141115080E0F44
:1034A000030A1815111C1A1B07060C090D10161714
:1034B0001B02001D191412130F0E040105181E1F04
:1034C000131A0805010C0A0B17161C191D00060714
:1034D0000B12100D090402031F1E141115080E0F04
:1034E000030A1815111C1A1B07060C090D101617D4
:1034F0001B02001D191412130F0E040105181E1FC4
:10350000131A0805010C0A0B17161C191D091000C7
:103510001D1B16161715141C191F020A0B0108088B
:1035200005030E0E0F1D1C1411170A12131900109B
:103530000D0B06060705040C090F121A1B111818AB
:1035400015131E1E1F0D0C0401071A02030910009B
:103550001D1B16161715141C191F020A0B0108084B
:1035600005030E0E0F1D1C1411170A12131900105B
:103570000D0B06060705040C090F121A1B1118186B
:1035800015131E1E1F0D0C0401071A02030910005B
:103590001D1B16161715141C191F020A0B0108080B
:1035A00005030E0E0F1D1C1411170A12131900101B
:1035B0000D0B06060705040C090F121A1B1118182B
:1035C00015131E1E1F0D0C0401071A02030910001B
:1035D0001D1B16161715141C191F020A0B010808CB
:1035E00005030E0E0F1D1C1411170A1213190010DB
:1035F0000D0B06060705040C090F121A1B111818EB
:1036000015131E1E1F0D0C0401071A020300020BE6
:10361000080B0500050A080506010706070406074A
:1036200004070904010604090A0503020B080A033A
:1036300000030D080D02000D0E090F0E0F0C0E0FEA
:103640000C0F010C090E0C01020D0B0A0300020BFA
:10365000080B0500050A080506010706070406070A
:1036600004070904010604090A0503020B080A03FA
:1036700000030D080D02000D0E090F0E0F0C0E0FAA
:103680000C0F010C090E0C01020D0B0A0300020BBA
:10369000080B0500050A08050601070607040607CA
:1036A00004070904010604090A0503020B080A03BA
:1036B00000030D080D02000D0E090F0E0F0C0E0F6A
:1036C0000C0F010C090E0C01020D0B0A0300020B7A
:1036D000080B0500050A080506010706070406078A
:1036E00004070904010604090A0503020B080A037A
:1036F00000030D080D02000D0E090F0E0F0C0E0F2A
:103700000C0F010C090E0C01020D0B0A0300100F27
:10371000091A020517140C0B0D06060903181817D1
:1037200011121A1D1F1C0403050E0E111B10001F81
:10373000190A121507041C1B1D1616191308080771
:1037400001020A0D0F0C1413151E1E010B00100FA1
:10375000091A020517140C0B0D0606090318181791
:1037600011121A1D1F1C0403050E0E111B10001F41
:10377000190A121507041C1B1D1616191308080731
:1037800001020A0D0F0C1413151E1E010B00100F61
:10379000091A020517140C0B0D0606090318181751
:1037A00011121A1D1F1C0403050E0E111B10001F01
:1037B000190A121507041C1B1D16161913080807F1
:1037C00001020A0D0F0C1413151E1E010B00100F21
:1037D000091A020517140C0B0D0606090318181711
:1037E00011121A1D1F1C0403050E0E111B10001FC1
:1037F000190A121507041C1B1D16161913080807B1
:1038000001020A0D0F0C1413151E1E010B000E09E8
:103810000916101B1F1C0205050A0C0F13080601D0
:10382000011E181317140A0D0D0204171B101E1980
:103830001906000B0F0C1215151A1C1F0318161170
:10384000110E080307041A1D1D1214070B000E09A0
:103850000916101B1F1C0205050A0C0F1308060190
:10386000011E181317140A0D0D0204171B101E1940
:103870001906000B0F0C1215151A1C1F0318161130
:10388000110E080307041A1D1D1214070B000E0960
:103890000916101B1F1C0205050A0C0F1308060150
:1038A000011E181317140A0D0D0204171B101E1900
:1038B0001906000B0F0C1215151A1C1F03181611F0
:1038C000110E080307041A1D1D1214070B000E0920
:1038D0000916101B1F1C0205050A0C0F1308060110
:1038E000011E181317140A0D0D0204171B101E19C0
:1038F0001906000B0F0C1215151A1C1F03181611B0
:10390000110E080307041A1D1D1214070B000D09E0
:103910001412170702061B1F12001D05081C19159B
:10392000100E13130E12171B1E0C090104180501AB
:103930000C0A0F1F1A1E13170A18151D0014110D5B
:1039400008060B0B060A0F13160401191C000D09BB
:103950001412170702061B1F12001D05081C19155B
:10396000100E13130E12171B1E0C0901041805016B
:103970000C0A0F1F1A1E13170A18151D0014110D1B
:1039800008060B0B060A0F13160401191C000D097B
:103990001412170702061B1F12001D05081C19151B
:1039A000100E13130E12171B1E0C0901041805012B
:1039B0000C0A0F1F1A1E13170A18151D0014110DDB
:1039C00008060B0B060A0F13160401191C000D093B
:1039D0001412170702061B1F12001D05081C1915DB
:1039E000100E13130E12171B1E0C090104180501EB
:1039F0000C0A0F1F1A1E13170A18151D0014110D9B
:103A000008060B0B060A0F13160401191C000C0DF7
:103A1000130A0A03051410090706061711180405EE
:103A20001B12121B1D1C18111F1E1E1F19101C1DFE
:103A3000031A1A131504001917161607010814158E
:103A40000B02020B0D0C08010F0E0E0F09000C0DDE
:103A5000130A0A03051410090706061711180405AE
:103A60001B12121B1D1C18111F1E1E1F19101C1DBE
:103A7000031A1A131504001917161607010814154E
:103A80000B02020B0D0C08010F0E0E0F09000C0D9E
:103A9000130A0A030514100907060617111804056E
:103AA0001B12121B1D1C18111F1E1E1F19101C1D7E
:103AB000031A1A131504001917161607010814150E
:103AC0000B02020B0D0C08010F0E0E0F09000C0D5E
:103AD000130A0A030514100907060617111804052E
:103AE0001B12121B1D1C18111F1E1E1F19101C1D3E
:103AF000031A1A13150400191716160701081415CE
:103B00000B02020B0D0C08010F0E0E0F0909141603
:103B10001B170A181515180A171B161409111C1E55
:103B2000130F12001D0D10021F030E0C01190406C5
:103B30000B071A080505081A070B060419010C0ED5
:103B4000031F02100D1D00120F131E1C1109141665
:103B50001B170A181515180A171B161409111C1E15
:103B6000130F12001D0D10021F030E0C0119040685
:103B70000B071A080505081A070B060419010C0E95
:103B8000031F02100D1D00120F131E1C1109141625
:103B90001B170A181515180A171B161409111C1ED5
:103BA000130F12001D0D10021F030E0C0119040645
:103BB0000B071A080505081A070B060419010C0E55
:103BC000031F02100D1D00120F131E1C11091416E5
:103BD0001B170A181515180A171B161409111C1E95
:103BE000130F12001D0D10021F030E0C0119040605
:103BF0000B071A080505081A070B060419010C0E15
:103C0000031F02100D1D00120F131E1C11000508CA
:103C1000060706090902030A080D000F0F0C010C24
:103C20000A0B0205050607060409040303080D0034
:103C30000E0F0E01010A0B02000508070704090414
:103C400002030A0D0D0E0F0E0C010C0B0B000508E4
:103C5000060706090902030A080D000F0F0C010CE4
:103C60000A0B0205050607060409040303080D00F4
:103C70000E0F0E01010A0B020005080707040904D4
:103C800002030A0D0D0E0F0E0C010C0B0B000508A4
:103C9000060706090902030A080D000F0F0C010CA4
:103CA0000A0B0205050607060409040303080D00B4
:103CB0000E0F0E01010A0B02000508070704090494
:103CC00002030A0D0D0E0F0E0C010C0B0B00050864
:103CD000060706090902030A080D000F0F0C010C64
:103CE0000A0B0205050607060409040303080D0074
:103CF0000E0F0E01010A0B02000508070704090454
:103D000002030A0D0D0E0F0E0C010C0B0B020C170B
:103D10000B100E0D150E00130F1C0209191A140FAB
:103D2000130816051D06080B17140A0101121C07BB
:103D30001B001E1D051E10031F0C1219090A041F6B
:103D4000031806150D16181B07041A1111020C177B
:103D50000B100E0D150E00130F1C0209191A140F6B
:103D6000130816051D06080B17140A0101121C077B
:103D70001B001E1D051E10031F0C1219090A041F2B
:103D8000031806150D16181B07041A1111020C173B
:103D90000B100E0D150E00130F1C0209191A140F2B
:103DA000130816051D06080B17140A0101121C073B
:103DB0001B001E1D051E10031F0C1219090A041FEB
:103DC000031806150D16181B07041A1111020C17FB
:103DD0000B100E0D150E00130F1C0209191A140FEB
:103DE000130816051D06080B17140A0101121C07FB
:103DF0001B001E1D051E10031F0C1219090A041FAB
:103E0000031806150D16181B07041A11111C16119C
:103E1000150A18071F080A0D19160C0303141E09AA
:103E20001D02001F07001205010E141B0B0C0601DA
:103E3000051A08170F181A1D09061C1313040E196A
:103E40000D12100F17100215111E040B1B1C16115A
:103E5000150A18071F080A0D19160C0303141E096A
:103E60001D02001F07001205010E141B0B0C06019A
:103E7000051A08170F181A1D09061C1313040E192A
:103E80000D12100F17100215111E040B1B1C16111A
:103E9000150A18071F080A0D19160C0303141E092A
:103EA0001D02001F07001205010E141B0B0C06015A
:103EB000051A08170F181A1D09061C1313040E19EA
:103EC0000D12100F17100215111E040B1B1C1611DA
:103ED000150A18071F080A0D19160C0303141E09EA
:103EE0001D02001F07001205010E141B0B0C06011A
:103EF000051A08170F181A1D09061C1313040E19AA
:103F00000D12100F17100215111E040B1B100A05BD
:103F1000091E0C1B131C1E010D0A00171708121D89
:103F2000111614131B1406191502080F1F001A1579
:103F3000190E1C0B030C0E111D1A10070718020D89
:103F4000010604030B0416090512181F0F100A05B9
:103F5000091E0C1B131C1E010D0A00171708121D49
:103F6000111614131B1406191502080F1F001A1539
:103F7000190E1C0B030C0E111D1A10070718020D49
:103F8000010604030B0416090512181F0F100A0579
:103F9000091E0C1B131C1E010D0A00171708121D09
:103FA000111614131B1406191502080F1F001A15F9
:103FB000190E1C0B030C0E111D1A10070718020D09
:103FC000010604030B0416090512181F0F100A0539
:103FD000091E0C1B131C1E010D0A00171708121DC9
:103FE000111614131B1406191502080F1F001A15B9
:103FF000190E1C0B030C0E111D1A10070718020DC9
:10400000010604030B0416090512181F0F140E09EC
:104010000D02101F17000205110E041B1B0C1601C8
:10402000151A18171F180A1D19060C1303041E1958
:104030001D12000F07101215011E140B0B1C061188
:10404000050A08070F081A0D09161C0313140E0998
:104050000D02101F17000205110E041B1B0C160188
:10406000151A18171F180A1D19060C1303041E1918
:104070001D12000F07101215011E140B0B1C061148
:10408000050A08070F081A0D09161C0313140E0958
:104090000D02101F17000205110E041B1B0C160148
:1040A000151A18171F180A1D19060C1303041E19D8
:1040B0001D12000F07101215011E140B0B1C061108
:1040C000050A08070F081A0D09161C0313140E0918
:1040D0000D02101F17000205110E041B1B0C160108
:1040E000151A18171F180A1D19060C1303041E1998
:1040F0001D12000F07101215011E140B0B1C0611C8
:10410000050A08070F081A0D09161C0313000C18DE
:104110002426080A111D0A1724270A0D101A28162A
:1041200024282C101417263524292E13180A1A2A8D
:104130001A20260C121D0E1F30171E050C102214FB
:10414000260E161E0B0816091C050E1C0A0B17233B
:104150000F1113151C0815222F1215181B251321DA
:104160002F33171B1F2231202F34191E231525151D
:10417000252B11171D08192A1B222910171B0D1F8B
:104180001119210916130114271019071516220EEB
:104190001A1C1E000713202D1A1D202306101E2C8A
:1041A0001A1E22260A2D1C2B3A1F24290E2010200D
:1041B00030161C2208132415262D141B0206180A7B
:1041C0001C240C14011E0C1F121B041200010D19DB
:1041D0002527090B121E0B1825280B0E111B29175A
:1041E00025292D1115182736252A2F14190B1B2BBD
:1041F0001B21270D131E0F2031181F060D1123152B
:10420000270F171F0C09170A1D060F1D0B0E1A2664
:10421000121416181F0B18253215181B1E281624E9
:1042200032161A1E2225142332371C21261828186C
:10423000282E141A200B1C2D1E250C131A1E1022BA
:10424000141C240C191604170A131C0A181905113A
:104250001D1F21030A1623101D2023060913212FD9
:104260001D2125290D101F2E3D22272C112313233C
:1042700033191F250B1627182910171E05091B0DAA
:104280001F270F1704010F22151E07150304101C0A
:10429000280A0C0E15210E1B282B0E11141E2C1A89
:1042A000282C1014181B2A19282D32171C0E1E2E0C
:1042B0001E242A1016211223141B2209101406187A
:1042C0002A121A020F0C1A0D200912000E0F1B27BA
:1042D00013151719000C19263316191C1F29172539
:1042E00033171B1F2326152433381D22271929199C
:1042F000292F151B210C1D2E1F260D141B1F1123EA
:10430000151D050D1A1705180B141D0B191C081483
:10431000202224060D192613202326090C162432E8
:104320002024280C1013223120252A0F14261626AB
:10433000361C22280E190A1B2C131A21080C1E10D9
:10434000220A121A0704120518210A180607131F59
:104350002B0D0F111824111E2B2E111417210F1DB8
:104360002B2F13171B1E2D1C2B30151A1F1121313B
:1043700021272D1319241526171E250C1317091B89
:104380002D151D05120F1D10230C150311121E0AE9
:1043900016181A1C030F1C2916191C1F020C1A28A8
:1043A000361A1E2206291827361B20250A1C2C1C0B
:1043B0002C32181E240F2011222910171E02142639
:1043C000182008101D1A081B0E17000E1C1D0915B9
:1043D000212305070E1A27142124270A0D17253338
:1043E0002125290D1114233221262B1015271727DB
:1043F000371D23290F1A0B1C2D141B22090D1F1109
:10440000230B131B0805130619220B19070A162282
:104410002E1012141B0714212E1114171A24122007
:104420002E32161A1E21301F2E33181D221424146A
:10443000242A10161C0718291A21280F161A0C1ED8
:104440001018200815120013260F18061415210D38
:10445000191B1D1F06121F2C191C1F22050F1D2BB7
:10446000191D2125092C1B2A391E23280D1F0F1F5A
:104470002F151B2107122314252C131A01051729A8
:104480001B230B13001D0B1E111A03111F000C1808
:104490002426080A111D0A1724270A0D101A2816A7
:1044A00024282C101417263524292E13180A1A2A0A
:1044B0001A20260C121D0E1F30171E050C10221478
:1044C000260E161E0B0816091C050E1C0A0B1723B8
:1044D0000F1113151C0815222F1215181B25132157
:1044E0002F33171B1F2231202F34191E231525159A
:1044F000252B11171D08192A1B222910171B0D1F08
:104500001119210916130114271019071518241061
:104510001C1E20020915220F1C1F22050812202E26
:104520001C2024280C0F1E2D3C21262B1022122289
:1045300032181E240A152617280F161D04081A0CF7
:104540001E260E1603000E21141D061402030F1B57
:1045500027290B0D14200D1A272A0D10131D2B19B6
:10456000272B0F13171A2938272C31161B0D1D2D39
:104570001D23290F15201122331A21080F130517A7
:10458000291119010E0B190C1F08111F0D0E1A26E7
:10459000121416181F0B18253215181B1E28162466
:1045A00032161A1E2225142332371C2126182818E9
:1045B000282E141A200B1C2D1E250C131A1E102237
:1045C000141C240C191604170A131C0A18190511B7
:1045D0001D1F21030A1623101D2023060913212F56
:1045E0001D2125290D101F2E3D22272C11231323B9
:1045F00033191F250B1627182910171E05091B0D27
:104600001F270F1704010F22151E07150306121E80
:104610002A0C0E101723101D2A2D101316202E1CE5
:104620002A2E12161A1D2C1B2A2F14191E10203088
:1046300020262C1218231425161D240B1216081AD6
:104640002C141C04110E1C0F220B140210111D2916
:104650001517191B020E1B2815181B1E010B1927F5
:1046600035191D2105281726351A1F24291B2B1B38
:104670002B31171D230E1F1021280F161D01132586
:10468000171F070F1C19071A0D161F0D1B1C0814E6
:10469000202224060D192613202326090C16243265
:1046A0002024280C1013223120252A0F1426162628
:1046B000361C22280E190A1B2C131A21080C1E1056
:1046C000220A121A0704120518210A180607131FD6
:1046D0002B0D0F111824111E2B2E111417210F1D35
:1046E0002B2F13171B1E2D1C2B30151A1F112131B8
:1046F00021272D1319241526171E250C1317091B06
:104700002D151D05120F1D10230C15031114200C5F
:10471000181A1C1E05111E2B181B1E21040E1C2A04
:10472000381C2024082B1A29381D22270C1E2E1E67
:104730002E141A2006112213242B121900041628F5
:104740001A220A121F1C0A1D101902101E1F0B1715
:1047500023250709101C29162326290C0F192715B4
:1047600023272B0F1316253423282D121729192937
:10477000191F250B111C0D1E2F161D240B0F2113A5
:10478000250D151D0A0715081B240D1B090A1622E5
:104790002E1012141B0714212E1114171A24122084
:1047A0002E32161A1E21301F2E33181D22142414E7
:1047B000242A10161C0718291A21280F161A0C1E55
:1047C0001018200815120013260F18061415210DB5
:1047D000191B1D1F06121F2C191C1F22050F1D2B34
:1047E000191D2125092C1B2A391E23280D1F0F1FD7
:1047F0002F151B2107122314252C131A0105172925
:104800001B230B13001D0B1E111A03111F020E1A7E
:1048100026280A0C131F0C1926290C0F121C2A1803
:10482000262A2E1216192837262B30151A0C1C2C66
:104830001C22280E141F1021321920070E122416D4
:10484000281018000D0A180B1E07101E0C0D192534
:10485000111315171E0A17243114171A1D271523B3
:104860003115191D2124332231361B202517271716
:10487000272D13191F0A1B2C1D240B12191D0F2184
:10488000131B230B1815031629121B0917182410C4
:104890001C1E20020915220F1C1F22050812202EA3
:1048A0001C2024280C0F1E2D3C21262B1022122206
:1048B00032181E240A152617280F161D04081A0C74
:1048C0001E260E1603000E21141D061402030F1BD4
:1048D00027290B0D14200D1A272A0D10131D2B1933
:1048E000272B0F13171A2938272C31161B0D1D2DB6
:1048F0001D23290F15201122331A21080F13051724
:10490000291119010E0B190C1F08111F0D101C285D
:104910001416181A010D1A2714171A1D000A182642
:1049200034181C202427162534191E23281A2A1A65
:104930002A30161C220D1E0F20270E151C001224D3
:10494000161E060E1B1806190C151E0C1A1B071333
:104950001F2123050C1825121F2225080B152331B2
:104960001F23270B0F1221301F24292E1325152555
:10497000351B21270D18291A2B121920070B1D0F83
:104980002129111906031124172009170506121EE3
:104990002A0C0E101723101D2A2D101316202E1C62
:1049A0002A2E12161A1D2C1B2A2F14191E10203005
:1049B00020262C1218231425161D240B1216081A53
:1049C0002C141C04110E1C0F220B140210111D2993
:1049D0001517191B020E1B2815181B1E010B192772
:1049E00035191D2105281726351A1F24291B2B1BB5
:1049F0002B31171D230E1F1021280F161D01132503
:104A0000171F070F1C19071A0D161F0D1B1E0A165C
:104A1000222406080F1B28152225280B0E18261401
:104A200022262A0E1215243322272C111628182884
:104A3000381E240A101B0C1D2E151C230A0E2012D2
:104A4000240C141C090614071A230C1A0809152132
:104A50002D0F11131A0613202D1013161923111FD1
:104A60002D3115191D202F1E2D32171C2113233314
:104A700023290F151B0617281920270E15190B1DA2
:104A80000F171F0714111F12250E17051314200CE2
:104A9000181A1C1E05111E2B181B1E21040E1C2A81
:104AA000381C2024082B1A29381D22270C1E2E1EE4
:104AB0002E141A2006112213242B12190004162872
:104AC0001A220A121F1C0A1D101902101E1F0B1792
:104AD00023250709101C29162326290C0F19271531
:104AE00023272B0F1316253423282D1217291929B4
:104AF000191F250B111C0D1E2F161D240B0F211322
:104B0000250D151D0A0715081B240D1B090C18245B
:104B1000101214161D091623301316191C26142200
:104B20003014181C2023322130351A1F2416261663
:104B3000262C12181E091A2B1C230A11181C0E20D1
:104B4000121A220A1714021528111A081617230F11
:104B50001B1D1F010814212E1B1E212407111F2DB0
:104B60001B1F23270B2E1D2C3B20252A0F21112133
:104B700031171D2309142516272E151C0307190BA1
:104B80001D250D15021F0D20131C051301020E1A01
:104B900026280A0C131F0C1926290C0F121C2A1880
:104BA000262A2E1216192837262B30151A0C1C2CE3
:104BB0001C22280E141F1021321920070E12241651
:104BC000281018000D0A180B1E07101E0C0D1925B1
:104BD000111315171E0A17243114171A1D27152330
:104BE0003115191D2124332231361B202517271793
:104BF000272D13191F0A1B2C1D240B12191D0F2101
:104C0000131B230B1815031629121B09171A06125A
:104C10001E2022040B1724111E2124070A142230FF
:104C20001E22260A0E11202F1E23282D12241424A2
:104C3000341A20260C1728192A11181F060A1C0ED0
:104C40002028101805021023161F08160405111D30
:104C5000290B0D0F16220F1C292C0F12151F2D1BAF
:104C6000292D1115191C2B1A292E33181D0F1F2F32
:104C70001F252B1117221324151C230A11150719A0
:104C80002B131B03100D1B0E210A13010F101C28E0
:104C90001416181A010D1A2714171A1D000A1826BF
:104CA00034181C202427162534191E23281A2A1AE2
:104CB0002A30161C220D1E0F20270E151C00122450
:104CC000161E060E1B1806190C151E0C1A1B0713B0
:104CD0001F2123050C1825121F2225080B1523312F
:104CE0001F23270B0F1221301F24292E13251525D2
:104CF000351B21270D18291A2B121920070B1D0F00
:104D00002129111906031124172009170508142059
:104D10002C0E10121905121F2C0F12151822101E1E
:104D20002C3014181C1F2E1D2C31161B2012223261
:104D300022282E141A051627181F260D14180A1CCF
:104D40002E161E0613101E11240D160412131F0B0F
:104D500017191B1D04101D2A171A1D20030D1B29CE
:104D6000371B1F23072A1928371C21260B1D2D1D31
:104D70002D33191F05102112232A11181F0315277F
:104D8000192109111E1B091C0F18010F1D1E0A16DF
:104D9000222406080F1B28152225280B0E1826147E
:104DA00022262A0E1215243322272C111628182801
:104DB000381E240A101B0C1D2E151C230A0E20124F
:104DC000240C141C090614071A230C1A08091521AF
:104DD0002D0F11131A0613202D1013161923111F4E
:104DE0002D3115191D202F1E2D32171C2113233391
:104DF00023290F151B0617281920270E15190B1D1F
:104E00000F171F0714111F12250E17051316220E58
:104E10001A1C1E000713202D1A1D202306101E2CFD
:104E20001A1E22260A2D1C2B3A1F24290E20102080
:104E300030161C2208132415262D141B0206180AEE
:104E40001C240C14011E0C1F121B041200010D194E
:104E50002527090B121E0B1825280B0E111B2917CD
:104E600025292D1115182736252A2F14190B1B2B30
:104E70001B21270D131E0F2031181F060D1123159E
:104E8000270F171F0C09170A1D060F1D0B0C1824DE
:104E9000101214161D091623301316191C2614227D
:104EA0003014181C2023322130351A1F24162616E0
:104EB000262C12181E091A2B1C230A11181C0E204E
:104EC000121A220A1714021528111A081617230F8E
:104ED0001B1D1F010814212E1B1E212407111F2D2D
:104EE0001B1F23270B2E1D2C3B20252A0F211121B0
:104EF00031171D2309142516272E151C0307190B1E
:104F00001D250D15021F0D20131C05130104101C77
:104F1000280A0C0E15210E1B282B0E11141E2C1AFC
:104F2000282C1014181B2A19282D32171C0E1E2E7F
:104F30001E242A1016211223141B220910140618ED
:104F40002A121A020F0C1A0D200912000E0F1B272D
:104F500013151719000C19263316191C1F291725AC
:104F600033171B1F2326152433381D22271929190F
:104F7000292F151B210C1D2E1F260D141B1F11235D
:104F8000151D050D1A1705180B141D0B191A0612FD
:104F90001E2022040B1724111E2124070A1422307C
:104FA0001E22260A0E11202F1E23282D122414241F
:104FB000341A20260C1728192A11181F060A1C0E4D
:104FC0002028101805021023161F08160405111DAD
:104FD000290B0D0F16220F1C292C0F12151F2D1B2C
:104FE000292D1115191C2B1A292E33181D0F1F2FAF
:104FF0001F252B1117221324151C230A111507191D
:105000002B131B03100D1B0E210A13010F121E0A76
:1050100016181A1C030F1C2916191C1F020C1A281B
:10502000361A1E2206291827361B20250A1C2C1C7E
:105030002C32181E240F2011222910171E021426AC
:10504000182008101D1A081B0E17000E1C1D09152C
:10505000212305070E1A27142124270A0D172533AB
:105060002125290D1114233221262B10152717274E
:10507000371D23290F1A0B1C2D141B22090D1F117C
:10508000230B131B0805130619220B1907081420FC
:105090002C0E10121905121F2C0F12151822101E9B
:1050A0002C3014181C1F2E1D2C31161B20122232DE
:1050B00022282E141A051627181F260D14180A1C4C
:1050C0002E161E0613101E11240D160412131F0B8C
:1050D00017191B1D04101D2A171A1D20030D1B294B
:1050E000371B1F23072A1928371C21260B1D2D1DAE
:1050F0002D33191F05102112232A11181F031527FC
:10510000192109111E1B091C0F18010F1D000C1875
:105110002426080A111D0A1724270A0D101A28161A
:1051200024282C101417263524292E13180A1A2A7D
:105130001A20260C121D0E1F30171E050C102214EB
:10514000260E161E0B0816091C050E1C0A0B17232B
:105150000F1113151C0815222F1215181B251321CA
:105160002F33171B1F2231202F34191E231525150D
:10517000252B11171D08192A1B222910171B0D1F7B
:105180001119210916130114271019071516220EDB
:105190001A1C1E000713202D1A1D202306101E2C7A
:1051A0001A1E22260A2D1C2B3A1F24290E201020FD
:1051B00030161C2208132415262D141B0206180A6B
:1051C0001C240C14011E0C1F121B041200010D19CB
:1051D0002527090B121E0B1825280B0E111B29174A
:1051E00025292D1115182736252A2F14190B1B2BAD
:1051F0001B21270D131E0F2031181F060D1123151B
:10520000270F171F0C09170A1D060F1D0B0E1A2654
:10521000121416181F0B18253215181B1E281624D9
:1052200032161A1E2225142332371C21261828185C
:10523000282E141A200B1C2D1E250C131A1E1022AA
:10524000141C240C191604170A131C0A181905112A
:105250001D1F21030A1623101D2023060913212FC9
:105260001D2125290D101F2E3D22272C112313232C
:1052700033191F250B1627182910171E05091B0D9A
:105280001F270F1704010F22151E07150304101CFA
:10529000280A0C0E15210E1B282B0E11141E2C1A79
:1052A000282C1014181B2A19282D32171C0E1E2EFC
:1052B0001E242A1016211223141B2209101406186A
:1052C0002A121A020F0C1A0D200912000E0F1B27AA
:1052D00013151719000C19263316191C1F29172529
:1052E00033171B1F2326152433381D22271929198C
:1052F000292F151B210C1D2E1F260D141B1F1123DA
:10530000151D050D1A1705180B141D0B191C081473
:10531000202224060D192613202326090C162432D8
:105320002024280C1013223120252A0F142616269B
:10533000361C22280E190A1B2C131A21080C1E10C9
:10534000220A121A0704120518210A180607131F49
:105350002B0D0F111824111E2B2E111417210F1DA8
:105360002B2F13171B1E2D1C2B30151A1F1121312B
:1053700021272D1319241526171E250C1317091B79
:105380002D151D05120F1D10230C150311121E0AD9
:1053900016181A1C030F1C2916191C1F020C1A2898
:1053A000361A1E2206291827361B20250A1C2C1CFB
:1053B0002C32181E240F2011222910171E02142629
:1053C000182008101D1A081B0E17000E1C1D0915A9
:1053D000212305070E1A27142124270A0D17253328
:1053E0002125290D1114233221262B1015271727CB
:1053F000371D23290F1A0B1C2D141B22090D1F11F9
:10540000230B131B0805130619220B19070A162272
:105410002E1012141B0714212E1114171A241220F7
:105420002E32161A1E21301F2E33181D221424145A
:10543000242A10161C0718291A21280F161A0C1EC8
:105440001018200815120013260F18061415210D28
:10545000191B1D1F06121F2C191C1F22050F1D2BA7
:10546000191D2125092C1B2A391E23280D1F0F1F4A
:105470002F151B2107122314252C131A0105172998
:105480001B230B13001D0B1E111A03111F000C18F8
:105490002426080A111D0A1724270A0D101A281697
:1054A00024282C101417263524292E13180A1A2AFA
:1054B0001A20260C121D0E1F30171E050C10221468
:1054C000260E161E0B0816091C050E1C0A0B1723A8
:1054D0000F1113151C0815222F1215181B25132147
:1054E0002F33171B1F2231202F34191E231525158A
:1054F000252B11171D08192A1B222910171B0D1FF8
:105500001119210916130114271019071518241051
:105510001C1E20020915220F1C1F22050812202E16
:105520001C2024280C0F1E2D3C21262B1022122279
:1055300032181E240A152617280F161D04081A0CE7
:105540001E260E1603000E21141D061402030F1B47
:1055500027290B0D14200D1A272A0D10131D2B19A6
:10556000272B0F13171A2938272C31161B0D1D2D29
:105570001D23290F15201122331A21080F13051797
:10558000291119010E0B190C1F08111F0D0E1A26D7
:10559000121416181F0B18253215181B1E28162456
:1055A00032161A1E2225142332371C2126182818D9
:1055B000282E141A200B1C2D1E250C131A1E102227
:1055C000141C240C191604170A131C0A18190511A7
:1055D0001D1F21030A1623101D2023060913212F46
:1055E0001D2125290D101F2E3D22272C11231323A9
:1055F00033191F250B1627182910171E05091B0D17
:105600001F270F1704010F22151E07150306121E70
:105610002A0C0E101723101D2A2D101316202E1CD5
:105620002A2E12161A1D2C1B2A2F14191E10203078
:1056300020262C1218231425161D240B1216081AC6
:105640002C141C04110E1C0F220B140210111D2906
:105650001517191B020E1B2815181B1E010B1927E5
:1056600035191D2105281726351A1F24291B2B1B28
:105670002B31171D230E1F1021280F161D01132576
:10568000171F070F1C19071A0D161F0D1B1C0814D6
:10569000202224060D192613202326090C16243255
:1056A0002024280C1013223120252A0F1426162618
:1056B000361C22280E190A1B2C131A21080C1E1046
:1056C000220A121A0704120518210A180607131FC6
:1056D0002B0D0F111824111E2B2E111417210F1D25
:1056E0002B2F13171B1E2D1C2B30151A1F112131A8
:1056F00021272D1319241526171E250C1317091BF6
:105700002D151D05120F1D10230C15031114200C4F
:10571000181A1C1E05111E2B181B1E21040E1C2AF4
:10572000381C2024082B1A29381D22270C1E2E1E57
:105730002E141A2006112213242B121900041628E5
:105740001A220A121F1C0A1D101902101E1F0B1705
:1057500023250709101C29162326290C0F192715A4
:1057600023272B0F1316253423282D121729192927
:10577000191F250B111C0D1E2F161D240B0F211395
:10578000250D151D0A0715081B240D1B090A1622D5
:105790002E1012141B0714212E1114171A24122074
:1057A0002E32161A1E21301F2E33181D22142414D7
:1057B000242A10161C0718291A21280F161A0C1E45
:1057C0001018200815120013260F18061415210DA5
:1057D000191B1D1F06121F2C191C1F22050F1D2B24
:1057E000191D2125092C1B2A391E23280D1F0F1FC7
:1057F0002F151B2107122314252C131A0105172915
:105800001B230B13001D0B1E111A03111F020E1A6E
:1058100026280A0C131F0C1926290C0F121C2A18F3
:10582000262A2E1216192837262B30151A0C1C2C56
:105830001C22280E141F1021321920070E122416C4
:10584000281018000D0A180B1E07101E0C0D192524
:10585000111315171E0A17243114171A1D271523A3
:105860003115191D2124332231361B202517271706
:10587000272D13191F0A1B2C1D240B12191D0F2174
:10588000131B230B1815031629121B0917182410B4
:105890001C1E20020915220F1C1F22050812202E93
:1058A0001C2024280C0F1E2D3C21262B10221222F6
:1058B00032181E240A152617280F161D04081A0C64
:1058C0001E260E1603000E21141D061402030F1BC4
:1058D00027290B0D14200D1A272A0D10131D2B1923
:1058E000272B0F13171A2938272C31161B0D1D2DA6
:1058F0001D23290F15201122331A21080F13051714
:10590000291119010E0B190C1F08111F0D101C284D
:105910001416181A010D1A2714171A1D000A182632
:1059200034181C202427162534191E23281A2A1A55
:105930002A30161C220D1E0F20270E151C001224C3
:10594000161E060E1B1806190C151E0C1A1B071323
:105950001F2123050C1825121F2225080B152331A2
:105960001F23270B0F1221301F24292E1325152545
:10597000351B21270D18291A2B121920070B1D0F73
:105980002129111906031124172009170506121ED3
:105990002A0C0E101723101D2A2D101316202E1C52
:1059A0002A2E12161A1D2C1B2A2F14191E102030F5
:1059B00020262C1218231425161D240B1216081A43
:1059C0002C141C04110E1C0F220B140210111D2983
:1059D0001517191B020E1B2815181B1E010B192762
:1059E00035191D2105281726351A1F24291B2B1BA5
:1059F0002B31171D230E1F1021280F161D011325F3
:105A0000171F070F1C19071A0D161F0D1B1E0A164C
:105A1000222406080F1B28152225280B0E182614F1
:105A200022262A0E1215243322272C111628182874
:105A3000381E240A101B0C1D2E151C230A0E2012C2
:105A4000240C141C090614071A230C1A0809152122
:105A50002D0F11131A0613202D1013161923111FC1
:105A60002D3115191D202F1E2D32171C2113233304
:105A700023290F151B0617281920270E15190B1D92
:105A80000F171F0714111F12250E17051314200CD2
:105A9000181A1C1E05111E2B181B1E21040E1C2A71
:105AA000381C2024082B1A29381D22270C1E2E1ED4
:105AB0002E141A2006112213242B12190004162862
:105AC0001A220A121F1C0A1D101902101E1F0B1782
:105AD00023250709101C29162326290C0F19271521
:105AE00023272B0F1316253423282D1217291929A4
:105AF000191F250B111C0D1E2F161D240B0F211312
:105B0000250D151D0A0715081B240D1B090C18244B
:105B1000101214161D091623301316191C261422F0
:105B20003014181C2023322130351A1F2416261653
:105B3000262C12181E091A2B1C230A11181C0E20C1
:105B4000121A220A1714021528111A081617230F01
:105B50001B1D1F010814212E1B1E212407111F2DA0
:105B60001B1F23270B2E1D2C3B20252A0F21112123
:105B700031171D2309142516272E151C0307190B91
:105B80001D250D15021F0D20131C051301020E1AF1
:105B900026280A0C131F0C1926290C0F121C2A1870
:105BA000262A2E1216192837262B30151A0C1C2CD3
:105BB0001C22280E141F1021321920070E12241641
:105BC000281018000D0A180B1E07101E0C0D1925A1
:105BD000111315171E0A17243114171A1D27152320
:105BE0003115191D2124332231361B202517271783
:105BF000272D13191F0A1B2C1D240B12191D0F21F1
:105C0000131B230B1815031629121B09171A06124A
:105C10001E2022040B1724111E2124070A142230EF
:105C20001E22260A0E11202F1E23282D1224142492
:105C3000341A20260C1728192A11181F060A1C0EC0
:105C40002028101805021023161F08160405111D20
:105C5000290B0D0F16220F1C292C0F12151F2D1B9F
:105C6000292D1115191C2B1A292E33181D0F1F2F22
:105C70001F252B1117221324151C230A1115071990
:105C80002B131B03100D1B0E210A13010F101C28D0
:105C90001416181A010D1A2714171A1D000A1826AF
:105CA00034181C202427162534191E23281A2A1AD2
:105CB0002A30161C220D1E0F20270E151C00122440
:105CC000161E060E1B1806190C151E0C1A1B0713A0
:105CD0001F2123050C1825121F2225080B1523311F
:105CE0001F23270B0F1221301F24292E13251525C2
:105CF000351B21270D18291A2B121920070B1D0FF0
:105D00002129111906031124172009170508142049
:105D10002C0E10121905121F2C0F12151822101E0E
:105D20002C3014181C1F2E1D2C31161B2012223251
:105D300022282E141A051627181F260D14180A1CBF
:105D40002E161E0613101E11240D160412131F0BFF
:105D500017191B1D04101D2A171A1D20030D1B29BE
:105D6000371B1F23072A1928371C21260B1D2D1D21
:105D70002D33191F05102112232A11181F0315276F
:105D8000192109111E1B091C0F18010F1D1E0A16CF
:105D9000222406080F1B28152225280B0E1826146E
:105DA00022262A0E1215243322272C1116281828F1
:105DB000381E240A101B0C1D2E151C230A0E20123F
:105DC000240C141C090614071A230C1A080915219F
:105DD0002D0F11131A0613202D1013161923111F3E
:105DE0002D3115191D202F1E2D32171C2113233381
:105DF00023290F151B0617281920270E15190B1D0F
:105E00000F171F0714111F12250E17051316220E48
:105E10001A1C1E000713202D1A1D202306101E2CED
:105E20001A1E22260A2D1C2B3A1F24290E20102070
:105E300030161C2208132415262D141B0206180ADE
:105E40001C240C14011E0C1F121B041200010D193E
:105E50002527090B121E0B1825280B0E111B2917BD
:105E600025292D1115182736252A2F14190B1B2B20
:105E70001B21270D131E0F2031181F060D1123158E
:105E8000270F171F0C09170A1D060F1D0B0C1824CE
:105E9000101214161D091623301316191C2614226D
:105EA0003014181C2023322130351A1F24162616D0
:105EB000262C12181E091A2B1C230A11181C0E203E
:105EC000121A220A1714021528111A081617230F7E
:105ED0001B1D1F010814212E1B1E212407111F2D1D
:105EE0001B1F23270B2E1D2C3B20252A0F211121A0
:105EF00031171D2309142516272E151C0307190B0E
:105F00001D250D15021F0D20131C05130104101C67
:105F1000280A0C0E15210E1B282B0E11141E2C1AEC
:105F2000282C1014181B2A19282D32171C0E1E2E6F
:105F30001E242A1016211223141B220910140618DD
:105F40002A121A020F0C1A0D200912000E0F1B271D
:105F500013151719000C19263316191C1F2917259C
:105F600033171B1F2326152433381D2227192919FF
:105F7000292F151B210C1D2E1F260D141B1F11234D
:105F8000151D050D1A1705180B141D0B191A0612ED
:105F90001E2022040B1724111E2124070A1422306C
:105FA0001E22260A0E11202F1E23282D122414240F
:105FB000341A20260C1728192A11181F060A1C0E3D
:105FC0002028101805021023161F08160405111D9D
:105FD000290B0D0F16220F1C292C0F12151F2D1B1C
:105FE000292D1115191C2B1A292E33181D0F1F2F9F
:105FF0001F252B1117221324151C230A111507190D
:106000002B131B03100D1B0E210A13010F121E0A66
:1060100016181A1C030F1C2916191C1F020C1A280B
:10602000361A1E2206291827361B20250A1C2C1C6E
:106030002C32181E240F2011222910171E0214269C
:10604000182008101D1A081B0E17000E1C1D09151C
:10605000212305070E1A27142124270A0D1725339B
:106060002125290D1114233221262B10152717273E
:10607000371D23290F1A0B1C2D141B22090D1F116C
:10608000230B131B0805130619220B1907081420EC
:106090002C0E10121905121F2C0F12151822101E8B
:1060A0002C3014181C1F2E1D2C31161B20122232CE
:1060B00022282E141A051627181F260D14180A1C3C
:1060C0002E161E0613101E11240D160412131F0B7C
:1060D00017191B1D04101D2A171A1D20030D1B293B
:1060E000371B1F23072A1928371C21260B1D2D1D9E
:1060F0002D33191F05102112232A11181F031527EC
:10610000192109111E1B091C0F18010F1D000C1865
:106110002426080A111D0A1724270A0D101A28160A
:1061200024282C101417263524292E13180A1A2A6D
:106130001A20260C121D0E1F30171E050C102214DB
:10614000260E161E0B0816091C050E1C0A0B17231B
:106150000F1113151C0815222F1215181B251321BA
:106160002F33171B1F2231202F34191E23152515FD
:10617000252B11171D08192A1B222910171B0D1F6B
:106180001119210916130114271019071516220ECB
:106190001A1C1E000713202D1A1D202306101E2C6A
:1061A0001A1E22260A2D1C2B3A1F24290E201020ED
:1061B00030161C2208132415262D141B0206180A5B
:1061C0001C240C14011E0C1F121B041200010D19BB
:1061D0002527090B121E0B1825280B0E111B29173A
:1061E00025292D1115182736252A2F14190B1B2B9D
:1061F0001B21270D131E0F2031181F060D1123150B
:10620000270F171F0C09170A1D060F1D0B0E1A2644
:10621000121416181F0B18253215181B1E281624C9
:1062200032161A1E2225142332371C21261828184C
:10623000282E141A200B1C2D1E250C131A1E10229A
:10624000141C240C191604170A131C0A181905111A
:106250001D1F21030A1623101D2023060913212FB9
:106260001D2125290D101F2E3D22272C112313231C
:1062700033191F250B1627182910171E05091B0D8A
:106280001F270F1704010F22151E07150304101CEA
:10629000280A0C0E15210E1B282B0E11141E2C1A69
:1062A000282C1014181B2A19282D32171C0E1E2EEC
:1062B0001E242A1016211223141B2209101406185A
:1062C0002A121A020F0C1A0D200912000E0F1B279A
:1062D00013151719000C19263316191C1F29172519
:1062E00033171B1F2326152433381D22271929197C
:1062F000292F151B210C1D2E1F260D141B1F1123CA
:10630000151D050D1A1705180B141D0B191C081463
:10631000202224060D192613202326090C162432C8
:106320002024280C1013223120252A0F142616268B
:10633000361C22280E190A1B2C131A21080C1E10B9
:10634000220A121A0704120518210A180607131F39
:106350002B0D0F111824111E2B2E111417210F1D98
:106360002B2F13171B1E2D1C2B30151A1F1121311B
:1063700021272D1319241526171E250C1317091B69
:106380002D151D05120F1D10230C150311121E0AC9
:1063900016181A1C030F1C2916191C1F020C1A2888
:1063A000361A1E2206291827361B20250A1C2C1CEB
:1063B0002C32181E240F2011222910171E02142619
:1063C000182008101D1A081B0E17000E1C1D091599
:1063D000212305070E1A27142124270A0D17253318
:1063E0002125290D1114233221262B1015271727BB
:1063F000371D23290F1A0B1C2D141B22090D1F11E9
:10640000230B131B0805130619220B19070A162262
:106410002E1012141B0714212E1114171A241220E7
:106420002E32161A1E21301F2E33181D221424144A
:10643000242A10161C0718291A21280F161A0C1EB8
:106440001018200815120013260F18061415210D18
:10645000191B1D1F06121F2C191C1F22050F1D2B97
:10646000191D2125092C1B2A391E23280D1F0F1F3A
:106470002F151B2107122314252C131A0105172988
:106480001B230B13001D0B1E111A03111F000C18E8
:106490002426080A111D0A1724270A0D101A281687
:1064A00024282C101417263524292E13180A1A2AEA
:1064B0001A20260C121D0E1F30171E050C10221458
:1064C000260E161E0B0816091C050E1C0A0B172398
:1064D0000F1113151C0815222F1215181B25132137
:1064E0002F33171B1F2231202F34191E231525157A
:1064F000252B11171D08192A1B222910171B0D1FE8
:106500001119210916130114271019071518241041
:106510001C1E20020915220F1C1F22050812202E06
:106520001C2024280C0F1E2D3C21262B1022122269
:1065300032181E240A152617280F161D04081A0CD7
:106540001E260E1603000E21141D061402030F1B37
:1065500027290B0D14200D1A272A0D10131D2B1996
:10656000272B0F13171A2938272C31161B0D1D2D19
:106570001D23290F15201122331A21080F13051787
:10658000291119010E0B190C1F08111F0D0E1A26C7
:10659000121416181F0B18253215181B1E28162446
:1065A00032161A1E2225142332371C2126182818C9
:1065B000282E141A200B1C2D1E250C131A1E102217
:1065C000141C240C191604170A131C0A1819051197
:1065D0001D1F21030A1623101D2023060913212F36
:1065E0001D2125290D101F2E3D22272C1123132399
:1065F00033191F250B1627182910171E05091B0D07
:106600001F270F1704010F22151E07150306121E60
:106610002A0C0E101723101D2A2D101316202E1CC5
:106620002A2E12161A1D2C1B2A2F14191E10203068
:1066300020262C1218231425161D240B1216081AB6
:106640002C141C04110E1C0F220B140210111D29F6
:106650001517191B020E1B2815181B1E010B1927D5
:1066600035191D2105281726351A1F24291B2B1B18
:106670002B31171D230E1F1021280F161D01132566
:10668000171F070F1C19071A0D161F0D1B1C0814C6
:10669000202224060D192613202326090C16243245
:1066A0002024280C1013223120252A0F1426162608
:1066B000361C22280E190A1B2C131A21080C1E1036
:1066C000220A121A0704120518210A180607131FB6
:1066D0002B0D0F111824111E2B2E111417210F1D15
:1066E0002B2F13171B1E2D1C2B30151A1F11213198
:1066F00021272D1319241526171E250C1317091BE6
:106700002D151D05120F1D10230C15031114200C3F
:10671000181A1C1E05111E2B181B1E21040E1C2AE4
:10672000381C2024082B1A29381D22270C1E2E1E47
:106730002E141A2006112213242B121900041628D5
:106740001A220A121F1C0A1D101902101E1F0B17F5
:1067500023250709101C29162326290C0F19271594
:1067600023272B0F1316253423282D121729192917
:10677000191F250B111C0D1E2F161D240B0F211385
:10678000250D151D0A0715081B240D1B090A1622C5
:106790002E1012141B0714212E1114171A24122064
:1067A0002E32161A1E21301F2E33181D22142414C7
:1067B000242A10161C0718291A21280F161A0C1E35
:1067C0001018200815120013260F18061415210D95
:1067D000191B1D1F06121F2C191C1F22050F1D2B14
:1067E000191D2125092C1B2A391E23280D1F0F1FB7
:1067F0002F151B2107122314252C131A0105172905
:106800001B230B13001D0B1E111A03111F020E1A5E
:1068100026280A0C131F0C1926290C0F121C2A18E3
:10682000262A2E1216192837262B30151A0C1C2C46
:106830001C22280E141F1021321920070E122416B4
:10684000281018000D0A180B1E07101E0C0D192514
:10685000111315171E0A17243114171A1D27152393
:106860003115191D2124332231361B2025172717F6
:10687000272D13191F0A1B2C1D240B12191D0F2164
:10688000131B230B1815031629121B0917182410A4
:106890001C1E20020915220F1C1F22050812202E83
:1068A0001C2024280C0F1E2D3C21262B10221222E6
:1068B00032181E240A152617280F161D04081A0C54
:1068C0001E260E1603000E21141D061402030F1BB4
:1068D00027290B0D14200D1A272A0D10131D2B1913
:1068E000272B0F13171A2938272C31161B0D1D2D96
:1068F0001D23290F15201122331A21080F13051704
:10690000291119010E0B190C1F08111F0D101C283D
:106910001416181A010D1A2714171A1D000A182622
:1069200034181C202427162534191E23281A2A1A45
:106930002A30161C220D1E0F20270E151C001224B3
:10694000161E060E1B1806190C151E0C1A1B071313
:106950001F2123050C1825121F2225080B15233192
:106960001F23270B0F1221301F24292E1325152535
:10697000351B21270D18291A2B121920070B1D0F63
:106980002129111906031124172009170506121EC3
:106990002A0C0E101723101D2A2D101316202E1C42
:1069A0002A2E12161A1D2C1B2A2F14191E102030E5
:1069B00020262C1218231425161D240B1216081A33
:1069C0002C141C04110E1C0F220B140210111D2973
:1069D0001517191B020E1B2815181B1E010B192752
:1069E00035191D2105281726351A1F24291B2B1B95
:1069F0002B31171D230E1F1021280F161D011325E3
:106A0000171F070F1C19071A0D161F0D1B1E0A163C
:106A1000222406080F1B28152225280B0E182614E1
:106A200022262A0E1215243322272C111628182864
:106A3000381E240A101B0C1D2E151C230A0E2012B2
:106A4000240C141C090614071A230C1A0809152112
:106A50002D0F11131A0613202D1013161923111FB1
:106A60002D3115191D202F1E2D32171C21132333F4
:106A700023290F151B0617281920270E15190B1D82
:106A80000F171F0714111F12250E17051314200CC2
:106A9000181A1C1E05111E2B181B1E21040E1C2A61
:106AA000381C2024082B1A29381D22270C1E2E1EC4
:106AB0002E141A2006112213242B12190004162852
:106AC0001A220A121F1C0A1D101902101E1F0B1772
:106AD00023250709101C29162326290C0F19271511
:106AE00023272B0F1316253423282D121729192994
:106AF000191F250B111C0D1E2F161D240B0F211302
:106B0000250D151D0A0715081B240D1B090C18243B
:106B1000101214161D091623301316191C261422E0
:106B20003014181C2023322130351A1F2416261643
:106B3000262C12181E091A2B1C230A11181C0E20B1
:106B4000121A220A1714021528111A081617230FF1
:106B50001B1D1F010814212E1B1E212407111F2D90
:106B60001B1F23270B2E1D2C3B20252A0F21112113
:106B700031171D2309142516272E151C0307190B81
:106B80001D250D15021F0D20131C051301020E1AE1
:106B900026280A0C131F0C1926290C0F121C2A1860
:106BA000262A2E1216192837262B30151A0C1C2CC3
:106BB0001C22280E141F1021321920070E12241631
:106BC000281018000D0A180B1E07101E0C0D192591
:106BD000111315171E0A17243114171A1D27152310
:106BE0003115191D2124332231361B202517271773
:106BF000272D13191F0A1B2C1D240B12191D0F21E1
:106C0000131B230B1815031629121B09171A06123A
:106C10001E2022040B1724111E2124070A142230DF
:106C20001E22260A0E11202F1E23282D1224142482
:106C3000341A20260C1728192A11181F060A1C0EB0
:106C40002028101805021023161F08160405111D10
:106C5000290B0D0F16220F1C292C0F12151F2D1B8F
:106C6000292D1115191C2B1A292E33181D0F1F2F12
:106C70001F252B1117221324151C230A1115071980
:106C80002B131B03100D1B0E210A13010F101C28C0
:106C90001416181A010D1A2714171A1D000A18269F
:106CA00034181C202427162534191E23281A2A1AC2
:106CB0002A30161C220D1E0F20270E151C00122430
:106CC000161E060E1B1806190C151E0C1A1B071390
:106CD0001F2123050C1825121F2225080B1523310F
:106CE0001F23270B0F1221301F24292E13251525B2
:106CF000351B21270D18291A2B121920070B1D0FE0
:106D00002129111906031124172009170508142039
:106D10002C0E10121905121F2C0F12151822101EFE
:106D20002C3014181C1F2E1D2C31161B2012223241
:106D300022282E141A051627181F260D14180A1CAF
:106D40002E161E0613101E11240D160412131F0BEF
:106D500017191B1D04101D2A171A1D20030D1B29AE
:106D6000371B1F23072A1928371C21260B1D2D1D11
:106D70002D33191F05102112232A11181F0315275F
:106D8000192109111E1B091C0F18010F1D1E0A16BF
:106D9000222406080F1B28152225280B0E1826145E
:106DA00022262A0E1215243322272C1116281828E1
:106DB000381E240A101B0C1D2E151C230A0E20122F
:106DC000240C141C090614071A230C1A080915218F
:106DD0002D0F11131A0613202D1013161923111F2E
:106DE0002D3115191D202F1E2D32171C2113233371
:106DF00023290F151B0617281920270E15190B1DFF
:106E00000F171F0714111F12250E17051316220E38
:106E10001A1C1E000713202D1A1D202306101E2CDD
:106E20001A1E22260A2D1C2B3A1F24290E20102060
:106E300030161C2208132415262D141B0206180ACE
:106E40001C240C14011E0C1F121B041200010D192E
:106E50002527090B121E0B1825280B0E111B2917AD
:106E600025292D1115182736252A2F14190B1B2B10
:106E70001B21270D131E0F2031181F060D1123157E
:106E8000270F171F0C09170A1D060F1D0B0C1824BE
:106E9000101214161D091623301316191C2614225D
:106EA0003014181C2023322130351A1F24162616C0
:106EB000262C12181E091A2B1C230A11181C0E202E
:106EC000121A220A1714021528111A081617230F6E
:106ED0001B1D1F010814212E1B1E212407111F2D0D
:106EE0001B1F23270B2E1D2C3B20252A0F21112190
:106EF00031171D2309142516272E151C0307190BFE
:106F00001D250D15021F0D20131C05130104101C57
:106F1000280A0C0E15210E1B282B0E11141E2C1ADC
:106F2000282C1014181B2A19282D32171C0E1E2E5F
:106F30001E242A1016211223141B220910140618CD
:106F40002A121A020F0C1A0D200912000E0F1B270D
:106F500013151719000C19263316191C1F2917258C
:106F600033171B1F2326152433381D2227192919EF
:106F7000292F151B210C1D2E1F260D141B1F11233D
:106F8000151D050D1A1705180B141D0B191A0612DD
:106F90001E2022040B1724111E2124070A1422305C
:106FA0001E22260A0E11202F1E23282D12241424FF
:106FB000341A20260C1728192A11181F060A1C0E2D
:106FC0002028101805021023161F08160405111D8D
:106FD000290B0D0F16220F1C292C0F12151F2D1B0C
:106FE000292D1115191C2B1A292E33181D0F1F2F8F
:106FF0001F252B1117221324151C230A11150719FD
:107000002B131B03100D1B0E210A13010F121E0A56
:1070100016181A1C030F1C2916191C1F020C1A28FB
:10702000361A1E2206291827361B20250A1C2C1C5E
:107030002C32181E240F2011222910171E0214268C
:10704000182008101D1A081B0E17000E1C1D09150C
:10705000212305070E1A27142124270A0D1725338B
:107060002125290D1114233221262B10152717272E
:10707000371D23290F1A0B1C2D141B22090D1F115C
:10708000230B131B0805130619220B1907081420DC
:107090002C0E10121905121F2C0F12151822101E7B
:1070A0002C3014181C1F2E1D2C31161B20122232BE
:1070B00022282E141A051627181F260D14180A1C2C
:1070C0002E161E0613101E11240D160412131F0B6C
:1070D00017191B1D04101D2A171A1D20030D1B292B
:1070E000371B1F23072A1928371C21260B1D2D1D8E
:1070F0002D33191F05102112232A11181F031527DC
:10710000192109111E1B091C0F18010F1D000C1855
:107110002426080A111D0A1724270A0D101A2816FA
:1071200024282C101417263524292E13180A1A2A5D
:107130001A20260C121D0E1F30171E050C102214CB
:10714000260E161E0B0816091C050E1C0A0B17230B
:107150000F1113151C0815222F1215181B251321AA
:107160002F33171B1F2231202F34191E23152515ED
:10717000252B11171D08192A1B222910171B0D1F5B
:107180001119210916130114271019071516220EBB
:107190001A1C1E000713202D1A1D202306101E2C5A
:1071A0001A1E22260A2D1C2B3A1F24290E201020DD
:1071B00030161C2208132415262D141B0206180A4B
:1071C0001C240C14011E0C1F121B041200010D19AB
:1071D0002527090B121E0B1825280B0E111B29172A
:1071E00025292D1115182736252A2F14190B1B2B8D
:1071F0001B21270D131E0F2031181F060D112315FB
:10720000270F171F0C09170A1D060F1D0B0E1A2634
:10721000121416181F0B18253215181B1E281624B9
:1072200032161A1E2225142332371C21261828183C
:10723000282E141A200B1C2D1E250C131A1E10228A
:10724000141C240C191604170A131C0A181905110A
:107250001D1F21030A1623101D2023060913212FA9
:107260001D2125290D101F2E3D22272C112313230C
:1072700033191F250B1627182910171E05091B0D7A
:107280001F270F1704010F22151E07150304101CDA
:10729000280A0C0E15210E1B282B0E11141E2C1A59
:1072A000282C1014181B2A19282D32171C0E1E2EDC
:1072B0001E242A1016211223141B2209101406184A
:1072C0002A121A020F0C1A0D200912000E0F1B278A
:1072D00013151719000C19263316191C1F29172509
:1072E00033171B1F2326152433381D22271929196C
:1072F000292F151B210C1D2E1F260D141B1F1123BA
:10730000151D050D1A1705180B141D0B191C081453
:10731000202224060D192613202326090C162432B8
:107320002024280C1013223120252A0F142616267B
:10733000361C22280E190A1B2C131A21080C1E10A9
:10734000220A121A0704120518210A180607131F29
:107350002B0D0F111824111E2B2E111417210F1D88
:107360002B2F13171B1E2D1C2B30151A1F1121310B
:1073700021272D1319241526171E250C1317091B59
:107380002D151D05120F1D10230C150311121E0AB9
:1073900016181A1C030F1C2916191C1F020C1A2878
:1073A000361A1E2206291827361B20250A1C2C1CDB
:1073B0002C32181E240F2011222910171E02142609
:1073C000182008101D1A081B0E17000E1C1D091589
:1073D000212305070E1A27142124270A0D17253308
:1073E0002125290D1114233221262B1015271727AB
:1073F000371D23290F1A0B1C2D141B22090D1F11D9
:10740000230B131B0805130619220B19070A162252
:107410002E1012141B0714212E1114171A241220D7
:107420002E32161A1E21301F2E33181D221424143A
:10743000242A10161C0718291A21280F161A0C1EA8
:107440001018200815120013260F18061415210D08
:10745000191B1D1F06121F2C191C1F22050F1D2B87
:10746000191D2125092C1B2A391E23280D1F0F1F2A
:107470002F151B2107122314252C131A0105172978
:107480001B230B13001D0B1E111A03111F000C18D8
:107490002426080A111D0A1724270A0D101A281677
:1074A00024282C101417263524292E13180A1A2ADA
:1074B0001A20260C121D0E1F30171E050C10221448
:1074C000260E161E0B0816091C050E1C0A0B172388
:1074D0000F1113151C0815222F1215181B25132127
:1074E0002F33171B1F2231202F34191E231525156A
:1074F000252B11171D08192A1B222910171B0D1FD8
:107500001119210916130114271019071518241031
:107510001C1E20020915220F1C1F22050812202EF6
:107520001C2024280C0F1E2D3C21262B1022122259
:1075300032181E240A152617280F161D04081A0CC7
:107540001E260E1603000E21141D061402030F1B27
:1075500027290B0D14200D1A272A0D10131D2B1986
:10756000272B0F13171A2938272C31161B0D1D2D09
:107570001D23290F15201122331A21080F13051777
:10758000291119010E0B190C1F08111F0D0E1A26B7
:10759000121416181F0B18253215181B1E28162436
:1075A00032161A1E2225142332371C2126182818B9
:1075B000282E141A200B1C2D1E250C131A1E102207
:1075C000141C240C191604170A131C0A1819051187
:1075D0001D1F21030A1623101D2023060913212F26
:1075E0001D2125290D101F2E3D22272C1123132389
:1075F00033191F250B1627182910171E05091B0DF7
:107600001F270F1704010F22151E07150306121E50
:107610002A0C0E101723101D2A2D101316202E1CB5
:107620002A2E12161A1D2C1B2A2F14191E10203058
:1076300020262C1218231425161D240B1216081AA6
:107640002C141C04110E1C0F220B140210111D29E6
:107650001517191B020E1B2815181B1E010B1927C5
:1076600035191D2105281726351A1F24291B2B1B08
:107670002B31171D230E1F1021280F161D01132556
:10768000171F070F1C19071A0D161F0D1B1C0814B6
:10769000202224060D192613202326090C16243235
:1076A0002024280C1013223120252A0F14261626F8
:1076B000361C22280E190A1B2C131A21080C1E1026
:1076C000220A121A0704120518210A180607131FA6
:1076D0002B0D0F111824111E2B2E111417210F1D05
:1076E0002B2F13171B1E2D1C2B30151A1F11213188
:1076F00021272D1319241526171E250C1317091BD6
:107700002D151D05120F1D10230C15031114200C2F
:10771000181A1C1E05111E2B181B1E21040E1C2AD4
:10772000381C2024082B1A29381D22270C1E2E1E37
:107730002E141A2006112213242B121900041628C5
:107740001A220A121F1C0A1D101902101E1F0B17E5
:1077500023250709101C29162326290C0F19271584
:1077600023272B0F1316253423282D121729192907
:10777000191F250B111C0D1E2F161D240B0F211375
:10778000250D151D0A0715081B240D1B090A1622B5
:107790002E1012141B0714212E1114171A24122054
:1077A0002E32161A1E21301F2E33181D22142414B7
:1077B000242A10161C0718291A21280F161A0C1E25
:1077C0001018200815120013260F18061415210D85
:1077D000191B1D1F06121F2C191C1F22050F1D2B04
:1077E000191D2125092C1B2A391E23280D1F0F1FA7
:1077F0002F151B2107122314252C131A01051729F5
:107800001B230B13001D0B1E111A03111F020E1A4E
:1078100026280A0C131F0C1926290C0F121C2A18D3
:10782000262A2E1216192837262B30151A0C1C2C36
:107830001C22280E141F1021321920070E122416A4
:10784000281018000D0A180B1E07101E0C0D192504
:10785000111315171E0A17243114171A1D27152383
:107860003115191D2124332231361B2025172717E6
:10787000272D13191F0A1B2C1D240B12191D0F2154
:10788000131B230B1815031629121B091718241094
:107890001C1E20020915220F1C1F22050812202E73
:1078A0001C2024280C0F1E2D3C21262B10221222D6
:1078B00032181E240A152617280F161D04081A0C44
:1078C0001E260E1603000E21141D061402030F1BA4
:1078D00027290B0D14200D1A272A0D10131D2B1903
:1078E000272B0F13171A2938272C31161B0D1D2D86
:1078F0001D23290F15201122331A21080F130517F4
:10790000291119010E0B190C1F08111F0D101C282D
:107910001416181A010D1A2714171A1D000A182612
:1079200034181C202427162534191E23281A2A1A35
:107930002A30161C220D1E0F20270E151C001224A3
:10794000161E060E1B1806190C151E0C1A1B071303
:107950001F2123050C1825121F2225080B15233182
:107960001F23270B0F1221301F24292E1325152525
:10797000351B21270D18291A2B121920070B1D0F53
:107980002129111906031124172009170506121EB3
:107990002A0C0E101723101D2A2D101316202E1C32
:1079A0002A2E12161A1D2C1B2A2F14191E102030D5
:1079B00020262C1218231425161D240B1216081A23
:1079C0002C141C04110E1C0F220B140210111D2963
:1079D0001517191B020E1B2815181B1E010B192742
:1079E00035191D2105281726351A1F24291B2B1B85
:1079F0002B31171D230E1F1021280F161D011325D3
:107A0000171F070F1C19071A0D161F0D1B1E0A162C
:107A1000222406080F1B28152225280B0E182614D1
:107A200022262A0E1215243322272C111628182854
:107A3000381E240A101B0C1D2E151C230A0E2012A2
:107A4000240C141C090614071A230C1A0809152102
:107A50002D0F11131A0613202D1013161923111FA1
:107A60002D3115191D202F1E2D32171C21132333E4
:107A700023290F151B0617281920270E15190B1D72
:107A80000F171F0714111F12250E17051314200CB2
:107A9000181A1C1E05111E2B181B1E21040E1C2A51
:107AA000381C2024082B1A29381D22270C1E2E1EB4
:107AB0002E141A2006112213242B12190004162842
:107AC0001A220A121F1C0A1D101902101E1F0B1762
:107AD00023250709101C29162326290C0F19271501
:107AE00023272B0F1316253423282D121729192984
:107AF000191F250B111C0D1E2F161D240B0F2113F2
:107B0000250D151D0A0715081B240D1B090C18242B
:107B1000101214161D091623301316191C261422D0
:107B20003014181C2023322130351A1F2416261633
:107B3000262C12181E091A2B1C230A11181C0E20A1
:107B4000121A220A1714021528111A081617230FE1
:107B50001B1D1F010814212E1B1E212407111F2D80
:107B60001B1F23270B2E1D2C3B20252A0F21112103
:107B700031171D2309142516272E151C0307190B71
:107B80001D250D15021F0D20131C051301020E1AD1
:107B900026280A0C131F0C1926290C0F121C2A1850
:107BA000262A2E1216192837262B30151A0C1C2CB3
:107BB0001C22280E141F1021321920070E12241621
:107BC000281018000D0A180B1E07101E0C0D192581
:107BD000111315171E0A17243114171A1D27152300
:107BE0003115191D2124332231361B202517271763
:107BF000272D13191F0A1B2C1D240B12191D0F21D1
:107C0000131B230B1815031629121B09171A06122A
:107C10001E2022040B1724111E2124070A142230CF
:107C20001E22260A0E11202F1E23282D1224142472
:107C3000341A20260C1728192A11181F060A1C0EA0
:107C40002028101805021023161F08160405111D00
:107C5000290B0D0F16220F1C292C0F12151F2D1B7F
:107C6000292D1115191C2B1A292E33181D0F1F2F02
:107C70001F252B1117221324151C230A1115071970
:107C80002B131B03100D1B0E210A13010F101C28B0
:107C90001416181A010D1A2714171A1D000A18268F
:107CA00034181C202427162534191E23281A2A1AB2
:107CB0002A30161C220D1E0F20270E151C00122420
:107CC000161E060E1B1806190C151E0C1A1B071380
:107CD0001F2123050C1825121F2225080B152331FF
:107CE0001F23270B0F1221301F24292E13251525A2
:107CF000351B21270D18291A2B121920070B1D0FD0
:107D00002129111906031124172009170508142029
:107D10002C0E10121905121F2C0F12151822101EEE
:107D20002C3014181C1F2E1D2C31161B2012223231
:107D300022282E141A051627181F260D14180A1C9F
:107D40002E161E0613101E11240D160412131F0BDF
:107D500017191B1D04101D2A171A1D20030D1B299E
:107D6000371B1F23072A1928371C21260B1D2D1D01
:107D70002D33191F05102112232A11181F0315274F
:107D8000192109111E1B091C0F18010F1D1E0A16AF
:107D9000222406080F1B28152225280B0E1826144E
:107DA00022262A0E1215243322272C1116281828D1
:107DB000381E240A101B0C1D2E151C230A0E20121F
:107DC000240C141C090614071A230C1A080915217F
:107DD0002D0F11131A0613202D1013161923111F1E
:107DE0002D3115191D202F1E2D32171C2113233361
:107DF00023290F151B0617281920270E15190B1DEF
:107E00000F171F0714111F12250E17051316220E28
:107E10001A1C1E000713202D1A1D202306101E2CCD
:107E20001A1E22260A2D1C2B3A1F24290E20102050
:107E300030161C2208132415262D141B0206180ABE
:107E40001C240C14011E0C1F121B041200010D191E
:107E50002527090B121E0B1825280B0E111B29179D
:107E600025292D1115182736252A2F14190B1B2B00
:107E70001B21270D131E0F2031181F060D1123156E
:107E8000270F171F0C09170A1D060F1D0B0C1824AE
:107E9000101214161D091623301316191C2614224D
:107EA0003014181C2023322130351A1F24162616B0
:107EB000262C12181E091A2B1C230A11181C0E201E
:107EC000121A220A1714021528111A081617230F5E
:107ED0001B1D1F010814212E1B1E212407111F2DFD
:107EE0001B1F23270B2E1D2C3B20252A0F21112180
:107EF00031171D2309142516272E151C0307190BEE
:107F00001D250D15021F0D20131C05130104101C47
:107F1000280A0C0E15210E1B282B0E11141E2C1ACC
:107F2000282C1014181B2A19282D32171C0E1E2E4F
:107F30001E242A1016211223141B220910140618BD
:107F40002A121A020F0C1A0D200912000E0F1B27FD
:107F500013151719000C19263316191C1F2917257C
:107F600033171B1F2326152433381D2227192919DF
:107F7000292F151B210C1D2E1F260D141B1F11232D
:107F8000151D050D1A1705180B141D0B191A0612CD
:107F90001E2022040B1724111E2124070A1422304C
:107FA0001E22260A0E11202F1E23282D12241424EF
:107FB000341A20260C1728192A11181F060A1C0E1D
:107FC0002028101805021023161F08160405111D7D
:107FD000290B0D0F16220F1C292C0F12151F2D1BFC
:107FE000292D1115191C2B1A292E33181D0F1F2F7F
:107FF0001F252B1117221324151C230A11150719ED
:108000002B131B03100D1B0E210A13010F121E0A46
:1080100016181A1C030F1C2916191C1F020C1A28EB
:10802000361A1E2206291827361B20250A1C2C1C4E
:108030002C32181E240F2011222910171E0214267C
:10804000182008101D1A081B0E17000E1C1D0915FC
:10805000212305070E1A27142124270A0D1725337B
:108060002125290D1114233221262B10152717271E
:10807000371D23290F1A0B1C2D141B22090D1F114C
:10808000230B131B0805130619220B1907081420CC
:108090002C0E10121905121F2C0F12151822101E6B
:1080A0002C3014181C1F2E1D2C31161B20122232AE
:1080B00022282E141A051627181F260D14180A1C1C
:1080C0002E161E0613101E11240D160412131F0B5C
:1080D00017191B1D04101D2A171A1D20030D1B291B
:1080E000371B1F23072A1928371C21260B1D2D1D7E
:1080F0002D33191F05102112232A11181F031527CC
:10810000192109111E1B091C0F18010F1D000C1845
:108110002426080A111D0A1724270A0D101A2816EA
:1081200024282C101417263524292E13180A1A2A4D
:108130001A20260C121D0E1F30171E050C102214BB
:10814000260E161E0B0816091C050E1C0A0B1723FB
:108150000F1113151C0815222F1215181B2513219A
:108160002F33171B1F2231202F34191E23152515DD
:10817000252B11171D08192A1B222910171B0D1F4B
:108180001119210916130114271019071516220EAB
:108190001A1C1E000713202D1A1D202306101E2C4A
:1081A0001A1E22260A2D1C2B3A1F24290E201020CD
:1081B00030161C2208132415262D141B0206180A3B
:1081C0001C240C14011E0C1F121B041200010D199B
:1081D0002527090B121E0B1825280B0E111B29171A
:1081E00025292D1115182736252A2F14190B1B2B7D
:1081F0001B21270D131E0F2031181F060D112315EB
:10820000270F171F0C09170A1D060F1D0B0E1A2624
:10821000121416181F0B18253215181B1E281624A9
:1082200032161A1E2225142332371C21261828182C
:10823000282E141A200B1C2D1E250C131A1E10227A
:10824000141C240C191604170A131C0A18190511FA
:108250001D1F21030A1623101D2023060913212F99
:108260001D2125290D101F2E3D22272C11231323FC
:1082700033191F250B1627182910171E05091B0D6A
:108280001F270F1704010F22151E07150304101CCA
:10829000280A0C0E15210E1B282B0E11141E2C1A49
:1082A000282C1014181B2A19282D32171C0E1E2ECC
:1082B0001E242A1016211223141B2209101406183A
:1082C0002A121A020F0C1A0D200912000E0F1B277A
:1082D00013151719000C19263316191C1F291725F9
:1082E00033171B1F2326152433381D22271929195C
:1082F000292F151B210C1D2E1F260D141B1F1123AA
:10830000151D050D1A1705180B141D0B191C081443
:10831000202224060D192613202326090C162432A8
:108320002024280C1013223120252A0F142616266B
:10833000361C22280E190A1B2C131A21080C1E1099
:10834000220A121A0704120518210A180607131F19
:108350002B0D0F111824111E2B2E111417210F1D78
:108360002B2F13171B1E2D1C2B30151A1F112131FB
:1083700021272D1319241526171E250C1317091B49
:108380002D151D05120F1D10230C150311121E0AA9
:1083900016181A1C030F1C2916191C1F020C1A2868
:1083A000361A1E2206291827361B20250A1C2C1CCB
:1083B0002C32181E240F2011222910171E021426F9
:1083C000182008101D1A081B0E17000E1C1D091579
:1083D000212305070E1A27142124270A0D172533F8
:1083E0002125290D1114233221262B10152717279B
:1083F000371D23290F1A0B1C2D141B22090D1F11C9
:10840000230B131B0805130619220B19070A162242
:108410002E1012141B0714212E1114171A241220C7
:108420002E32161A1E21301F2E33181D221424142A
:10843000242A10161C0718291A21280F161A0C1E98
:108440001018200815120013260F18061415210DF8
:10845000191B1D1F06121F2C191C1F22050F1D2B77
:10846000191D2125092C1B2A391E23280D1F0F1F1A
:108470002F151B2107122314252C131A0105172968
:108480001B230B13001D0B1E111A03111F000C18C8
:108490002426080A111D0A1724270A0D101A281667
:1084A00024282C101417263524292E13180A1A2ACA
:1084B0001A20260C121D0E1F30171E050C10221438
:1084C000260E161E0B0816091C050E1C0A0B172378
:1084D0000F1113151C0815222F1215181B25132117
:1084E0002F33171B1F2231202F34191E231525155A
:1084F000252B11171D08192A1B222910171B0D1FC8
:108500001119210916130114271019071518241021
:108510001C1E20020915220F1C1F22050812202EE6
:108520001C2024280C0F1E2D3C21262B1022122249
:1085300032181E240A152617280F161D04081A0CB7
:108540001E260E1603000E21141D061402030F1B17
:1085500027290B0D14200D1A272A0D10131D2B1976
:10856000272B0F13171A2938272C31161B0D1D2DF9
:108570001D23290F15201122331A21080F13051767
:10858000291119010E0B190C1F08111F0D0E1A26A7
:10859000121416181F0B18253215181B1E28162426
:1085A00032161A1E2225142332371C2126182818A9
:1085B000282E141A200B1C2D1E250C131A1E1022F7
:1085C000141C240C191604170A131C0A1819051177
:1085D0001D1F21030A1623101D2023060913212F16
:1085E0001D2125290D101F2E3D22272C1123132379
:1085F00033191F250B1627182910171E05091B0DE7
:108600001F270F1704010F22151E07150306121E40
:108610002A0C0E101723101D2A2D101316202E1CA5
:108620002A2E12161A1D2C1B2A2F14191E10203048
:1086300020262C1218231425161D240B1216081A96
:108640002C141C04110E1C0F220B140210111D29D6
:108650001517191B020E1B2815181B1E010B1927B5
:1086600035191D2105281726351A1F24291B2B1BF8
:108670002B31171D230E1F1021280F161D01132546
:10868000171F070F1C19071A0D161F0D1B1C0814A6
:10869000202224060D192613202326090C16243225
:1086A0002024280C1013223120252A0F14261626E8
:1086B000361C22280E190A1B2C131A21080C1E1016
:1086C000220A121A0704120518210A180607131F96
:1086D0002B0D0F111824111E2B2E111417210F1DF5
:1086E0002B2F13171B1E2D1C2B30151A1F11213178
:1086F00021272D1319241526171E250C1317091BC6
:108700002D151D05120F1D10230C15031114200C1F
:10871000181A1C1E05111E2B181B1E21040E1C2AC4
:10872000381C2024082B1A29381D22270C1E2E1E27
:108730002E141A2006112213242B121900041628B5
:108740001A220A121F1C0A1D101902101E1F0B17D5
:1087500023250709101C29162326290C0F19271574
:1087600023272B0F1316253423282D1217291929F7
:10877000191F250B111C0D1E2F161D240B0F211365
:10878000250D151D0A0715081B240D1B090A1622A5
:108790002E1012141B0714212E1114171A24122044
:1087A0002E32161A1E21301F2E33181D22142414A7
:1087B000242A10161C0718291A21280F161A0C1E15
:1087C0001018200815120013260F18061415210D75
:1087D000191B1D1F06121F2C191C1F22050F1D2BF4
:1087E000191D2125092C1B2A391E23280D1F0F1F97
:1087F0002F151B2107122314252C131A01051729E5
:108800001B230B13001D0B1E111A03111F020E1A3E
:1088100026280A0C131F0C1926290C0F121C2A18C3
:10882000262A2E1216192837262B30151A0C1C2C26
:108830001C22280E141F1021321920070E12241694
:10884000281018000D0A180B1E07101E0C0D1925F4
:10885000111315171E0A17243114171A1D27152373
:108860003115191D2124332231361B2025172717D6
:10887000272D13191F0A1B2C1D240B12191D0F2144
:10888000131B230B1815031629121B091718241084
:108890001C1E20020915220F1C1F22050812202E63
:1088A0001C2024280C0F1E2D3C21262B10221222C6
:1088B00032181E240A152617280F161D04081A0C34
:1088C0001E260E1603000E21141D061402030F1B94
:1088D00027290B0D14200D1A272A0D10131D2B19F3
:1088E000272B0F13171A2938272C31161B0D1D2D76
:1088F0001D23290F15201122331A21080F130517E4
:10890000291119010E0B190C1F08111F0D101C281D
:108910001416181A010D1A2714171A1D000A182602
:1089200034181C202427162534191E23281A2A1A25
:108930002A30161C220D1E0F20270E151C00122493
:10894000161E060E1B1806190C151E0C1A1B0713F3
:108950001F2123050C1825121F2225080B15233172
:108960001F23270B0F1221301F24292E1325152515
:10897000351B21270D18291A2B121920070B1D0F43
:108980002129111906031124172009170506121EA3
:108990002A0C0E101723101D2A2D101316202E1C22
:1089A0002A2E12161A1D2C1B2A2F14191E102030C5
:1089B00020262C1218231425161D240B1216081A13
:1089C0002C141C04110E1C0F220B140210111D2953
:1089D0001517191B020E1B2815181B1E010B192732
:1089E00035191D2105281726351A1F24291B2B1B75
:1089F0002B31171D230E1F1021280F161D011325C3
:108A0000171F070F1C19071A0D161F0D1B1E0A161C
:108A1000222406080F1B28152225280B0E182614C1
:108A200022262A0E1215243322272C111628182844
:108A3000381E240A101B0C1D2E151C230A0E201292
:108A4000240C141C090614071A230C1A08091521F2
:108A50002D0F11131A0613202D1013161923111F91
:108A60002D3115191D202F1E2D32171C21132333D4
:108A700023290F151B0617281920270E15190B1D62
:108A80000F171F0714111F12250E17051314200CA2
:108A9000181A1C1E05111E2B181B1E21040E1C2A41
:108AA000381C2024082B1A29381D22270C1E2E1EA4
:108AB0002E141A2006112213242B12190004162832
:108AC0001A220A121F1C0A1D101902101E1F0B1752
:108AD00023250709101C29162326290C0F192715F1
:108AE00023272B0F1316253423282D121729192974
:108AF000191F250B111C0D1E2F161D240B0F2113E2
:108B0000250D151D0A0715081B240D1B090C18241B
:108B1000101214161D091623301316191C261422C0
:108B20003014181C2023322130351A1F2416261623
:108B3000262C12181E091A2B1C230A11181C0E2091
:108B4000121A220A1714021528111A081617230FD1
:108B50001B1D1F010814212E1B1E212407111F2D70
:108B60001B1F23270B2E1D2C3B20252A0F211121F3
:108B700031171D2309142516272E151C0307190B61
:108B80001D250D15021F0D20131C051301020E1AC1
:108B900026280A0C131F0C1926290C0F121C2A1840
:108BA000262A2E1216192837262B30151A0C1C2CA3
:108BB0001C22280E141F1021321920070E12241611
:108BC000281018000D0A180B1E07101E0C0D192571
:108BD000111315171E0A17243114171A1D271523F0
:108BE0003115191D2124332231361B202517271753
:108BF000272D13191F0A1B2C1D240B12191D0F21C1
:108C0000131B230B1815031629121B09171A06121A
:108C10001E2022040B1724111E2124070A142230BF
:108C20001E22260A0E11202F1E23282D1224142462
:108C3000341A20260C1728192A11181F060A1C0E90
:108C40002028101805021023161F08160405111DF0
:108C5000290B0D0F16220F1C292C0F12151F2D1B6F
:108C6000292D1115191C2B1A292E33181D0F1F2FF2
:108C70001F252B1117221324151C230A1115071960
:108C80002B131B03100D1B0E210A13010F101C28A0
:108C90001416181A010D1A2714171A1D000A18267F
:108CA00034181C202427162534191E23281A2A1AA2
:108CB0002A30161C220D1E0F20270E151C00122410
:108CC000161E060E1B1806190C151E0C1A1B071370
:108CD0001F2123050C1825121F2225080B152331EF
:108CE0001F23270B0F1221301F24292E1325152592
:108CF000351B21270D18291A2B121920070B1D0FC0
:108D00002129111906031124172009170508142019
:108D10002C0E10121905121F2C0F12151822101EDE
:108D20002C3014181C1F2E1D2C31161B2012223221
:108D300022282E141A051627181F260D14180A1C8F
:108D40002E161E0613101E11240D160412131F0BCF
:108D500017191B1D04101D2A171A1D20030D1B298E
:108D6000371B1F23072A1928371C21260B1D2D1DF1
:108D70002D33191F05102112232A11181F0315273F
:108D8000192109111E1B091C0F18010F1D1E0A169F
:108D9000222406080F1B28152225280B0E1826143E
:108DA00022262A0E1215243322272C1116281828C1
:108DB000381E240A101B0C1D2E151C230A0E20120F
:108DC000240C141C090614071A230C1A080915216F
:108DD0002D0F11131A0613202D1013161923111F0E
:108DE0002D3115191D202F1E2D32171C2113233351
:108DF00023290F151B0617281920270E15190B1DDF
:108E00000F171F0714111F12250E17051316220E18
:108E10001A1C1E000713202D1A1D202306101E2CBD
:108E20001A1E22260A2D1C2B3A1F24290E20102040
:108E300030161C2208132415262D141B0206180AAE
:108E40001C240C14011E0C1F121B041200010D190E
:108E50002527090B121E0B1825280B0E111B29178D
:108E600025292D1115182736252A2F14190B1B2BF0
:108E70001B21270D131E0F2031181F060D1123155E
:108E8000270F171F0C09170A1D060F1D0B0C18249E
:108E9000101214161D091623301316191C2614223D
:108EA0003014181C2023322130351A1F24162616A0
:108EB000262C12181E091A2B1C230A11181C0E200E
:108EC000121A220A1714021528111A081617230F4E
:108ED0001B1D1F010814212E1B1E212407111F2DED
:108EE0001B1F23270B2E1D2C3B20252A0F21112170
:108EF00031171D2309142516272E151C0307190BDE
:108F00001D250D15021F0D20131C05130104101C37
:108F1000280A0C0E15210E1B282B0E11141E2C1ABC
:108F2000282C1014181B2A19282D32171C0E1E2E3F
:108F30001E242A1016211223141B220910140618AD
:108F40002A121A020F0C1A0D200912000E0F1B27ED
:108F500013151719000C19263316191C1F2917256C
:108F600033171B1F2326152433381D2227192919CF
:108F7000292F151B210C1D2E1F260D141B1F11231D
:108F8000151D050D1A1705180B141D0B191A0612BD
:108F90001E2022040B1724111E2124070A1422303C
:108FA0001E22260A0E11202F1E23282D12241424DF
:108FB000341A20260C1728192A11181F060A1C0E0D
:108FC0002028101805021023161F08160405111D6D
:108FD000290B0D0F16220F1C292C0F12151F2D1BEC
:108FE000292D1115191C2B1A292E33181D0F1F2F6F
:108FF0001F252B1117221324151C230A11150719DD
:109000002B131B03100D1B0E210A13010F121E0A36
:1090100016181A1C030F1C2916191C1F020C1A28DB
:10902000361A1E2206291827361B20250A1C2C1C3E
:109030002C32181E240F2011222910171E0214266C
:10904000182008101D1A081B0E17000E1C1D0915EC
:10905000212305070E1A27142124270A0D1725336B
:109060002125290D1114233221262B10152717270E
:10907000371D23290F1A0B1C2D141B22090D1F113C
:10908000230B131B0805130619220B1907081420BC
:109090002C0E10121905121F2C0F12151822101E5B
:1090A0002C3014181C1F2E1D2C31161B201222329E
:1090B00022282E141A051627181F260D14180A1C0C
:1090C0002E161E0613101E11240D160412131F0B4C
:1090D00017191B1D04101D2A171A1D20030D1B290B
:1090E000371B1F23072A1928371C21260B1D2D1D6E
:1090F0002D33191F05102112232A11181F031527BC
:10910000192109111E1B091C0F18010F1D000C1835
:109110002426080A111D0A1724270A0D101A2816DA
:1091200024282C101417263524292E13180A1A2A3D
:109130001A20260C121D0E1F30171E050C102214AB
:10914000260E161E0B0816091C050E1C0A0B1723EB
:109150000F1113151C0815222F1215181B2513218A
:109160002F33171B1F2231202F34191E23152515CD
:10917000252B11171D08192A1B222910171B0D1F3B
:109180001119210916130114271019071516220E9B
:109190001A1C1E000713202D1A1D202306101E2C3A
:1091A0001A1E22260A2D1C2B3A1F24290E201020BD
:1091B00030161C2208132415262D141B0206180A2B
:1091C0001C240C14011E0C1F121B041200010D198B
:1091D0002527090B121E0B1825280B0E111B29170A
:1091E00025292D1115182736252A2F14190B1B2B6D
:1091F0001B21270D131E0F2031181F060D112315DB
:10920000270F171F0C09170A1D060F1D0B0E1A2614
:10921000121416181F0B18253215181B1E28162499
:1092200032161A1E2225142332371C21261828181C
:10923000282E141A200B1C2D1E250C131A1E10226A
:10924000141C240C191604170A131C0A18190511EA
:109250001D1F21030A1623101D2023060913212F89
:109260001D2125290D101F2E3D22272C11231323EC
:1092700033191F250B1627182910171E05091B0D5A
:109280001F270F1704010F22151E07150304101CBA
:10929000280A0C0E15210E1B282B0E11141E2C1A39
:1092A000282C1014181B2A19282D32171C0E1E2EBC
:1092B0001E242A1016211223141B2209101406182A
:1092C0002A121A020F0C1A0D200912000E0F1B276A
:1092D00013151719000C19263316191C1F291725E9
:1092E00033171B1F2326152433381D22271929194C
:1092F000292F151B210C1D2E1F260D141B1F11239A
:10930000151D050D1A1705180B141D0B191C081433
:10931000202224060D192613202326090C16243298
:109320002024280C1013223120252A0F142616265B
:10933000361C22280E190A1B2C131A21080C1E1089
:10934000220A121A0704120518210A180607131F09
:109350002B0D0F111824111E2B2E111417210F1D68
:109360002B2F13171B1E2D1C2B30151A1F112131EB
:1093700021272D1319241526171E250C1317091B39
:109380002D151D05120F1D10230C150311121E0A99
:1093900016181A1C030F1C2916191C1F020C1A2858
:1093A000361A1E2206291827361B20250A1C2C1CBB
:1093B0002C32181E240F2011222910171E021426E9
:1093C000182008101D1A081B0E17000E1C1D091569
:1093D000212305070E1A27142124270A0D172533E8
:1093E0002125290D1114233221262B10152717278B
:1093F000371D23290F1A0B1C2D141B22090D1F11B9
:10940000230B131B0805130619220B19070A162232
:109410002E1012141B0714212E1114171A241220B7
:109420002E32161A1E21301F2E33181D221424141A
:10943000242A10161C0718291A21280F161A0C1E88
:109440001018200815120013260F18061415210DE8
:10945000191B1D1F06121F2C191C1F22050F1D2B67
:10946000191D2125092C1B2A391E23280D1F0F1F0A
:109470002F151B2107122314252C131A0105172958
:109480001B230B13001D0B1E111A03111F000C18B8
:109490002426080A111D0A1724270A0D101A281657
:1094A00024282C101417263524292E13180A1A2ABA
:1094B0001A20260C121D0E1F30171E050C10221428
:1094C000260E161E0B0816091C050E1C0A0B172368
:1094D0000F1113151C0815222F1215181B25132107
:1094E0002F33171B1F2231202F34191E231525154A
:1094F000252B11171D08192A1B222910171B0D1FB8
:109500001119210916130114271019071518241011
:109510001C1E20020915220F1C1F22050812202ED6
:109520001C2024280C0F1E2D3C21262B1022122239
:1095300032181E240A152617280F161D04081A0CA7
:109540001E260E1603000E21141D061402030F1B07
:1095500027290B0D14200D1A272A0D10131D2B1966
:10956000272B0F13171A2938272C31161B0D1D2DE9
:109570001D23290F15201122331A21080F13051757
:10958000291119010E0B190C1F08111F0D0E1A2697
:10959000121416181F0B18253215181B1E28162416
:1095A00032161A1E2225142332371C212618281899
:1095B000282E141A200B1C2D1E250C131A1E1022E7
:1095C000141C240C191604170A131C0A1819051167
:1095D0001D1F21030A1623101D2023060913212F06
:1095E0001D2125290D101F2E3D22272C1123132369
:1095F00033191F250B1627182910171E05091B0DD7
:109600001F270F1704010F22151E07150306121E30
:109610002A0C0E101723101D2A2D101316202E1C95
:109620002A2E12161A1D2C1B2A2F14191E10203038
:1096300020262C1218231425161D240B1216081A86
:109640002C141C04110E1C0F220B140210111D29C6
:109650001517191B020E1B2815181B1E010B1927A5
:1096600035191D2105281726351A1F24291B2B1BE8
:109670002B31171D230E1F1021280F161D01132536
:10968000171F070F1C19071A0D161F0D1B1C081496
:10969000202224060D192613202326090C16243215
:1096A0002024280C1013223120252A0F14261626D8
:1096B000361C22280E190A1B2C131A21080C1E1006
:1096C000220A121A0704120518210A180607131F86
:1096D0002B0D0F111824111E2B2E111417210F1DE5
:1096E0002B2F13171B1E2D1C2B30151A1F11213168
:1096F00021272D1319241526171E250C1317091BB6
:109700002D151D05120F1D10230C15031114200C0F
:10971000181A1C1E05111E2B181B1E21040E1C2AB4
:10972000381C2024082B1A29381D22270C1E2E1E17
:109730002E141A2006112213242B121900041628A5
:109740001A220A121F1C0A1D101902101E1F0B17C5
:1097500023250709101C29162326290C0F19271564
:1097600023272B0F1316253423282D1217291929E7
:10977000191F250B111C0D1E2F161D240B0F211355
:10978000250D151D0A0715081B240D1B090A162295
:109790002E1012141B0714212E1114171A24122034
:1097A0002E32161A1E21301F2E33181D2214241497
:1097B000242A10161C0718291A21280F161A0C1E05
:1097C0001018200815120013260F18061415210D65
:1097D000191B1D1F06121F2C191C1F22050F1D2BE4
:1097E000191D2125092C1B2A391E23280D1F0F1F87
:1097F0002F151B2107122314252C131A01051729D5
:109800001B230B13001D0B1E111A03111F020E1A2E
:1098100026280A0C131F0C1926290C0F121C2A18B3
:10982000262A2E1216192837262B30151A0C1C2C16
:109830001C22280E141F1021321920070E12241684
:10984000281018000D0A180B1E07101E0C0D1925E4
:10985000111315171E0A17243114171A1D27152363
:109860003115191D2124332231361B2025172717C6
:10987000272D13191F0A1B2C1D240B12191D0F2134
:10988000131B230B1815031629121B091718241074
:109890001C1E20020915220F1C1F22050812202E53
:1098A0001C2024280C0F1E2D3C21262B10221222B6
:1098B00032181E240A152617280F161D04081A0C24
:1098C0001E260E1603000E21141D061402030F1B84
:1098D00027290B0D14200D1A272A0D10131D2B19E3
:1098E000272B0F13171A2938272C31161B0D1D2D66
:1098F0001D23290F15201122331A21080F130517D4
:10990000291119010E0B190C1F08111F0D101C280D
:109910001416181A010D1A2714171A1D000A1826F2
:1099200034181C202427162534191E23281A2A1A15
:109930002A30161C220D1E0F20270E151C00122483
:10994000161E060E1B1806190C151E0C1A1B0713E3
:109950001F2123050C1825121F2225080B15233162
:109960001F23270B0F1221301F24292E1325152505
:10997000351B21270D18291A2B121920070B1D0F33
:109980002129111906031124172009170506121E93
:109990002A0C0E101723101D2A2D101316202E1C12
:1099A0002A2E12161A1D2C1B2A2F14191E102030B5
:1099B00020262C1218231425161D240B1216081A03
:1099C0002C141C04110E1C0F220B140210111D2943
:1099D0001517191B020E1B2815181B1E010B192722
:1099E00035191D2105281726351A1F24291B2B1B65
:1099F0002B31171D230E1F1021280F161D011325B3
:109A0000171F070F1C19071A0D161F0D1B1E0A160C
:109A1000222406080F1B28152225280B0E182614B1
:109A200022262A0E1215243322272C111628182834
:109A3000381E240A101B0C1D2E151C230A0E201282
:109A4000240C141C090614071A230C1A08091521E2
:109A50002D0F11131A0613202D1013161923111F81
:109A60002D3115191D202F1E2D32171C21132333C4
:109A700023290F151B0617281920270E15190B1D52
:109A80000F171F0714111F12250E17051314200C92
:109A9000181A1C1E05111E2B181B1E21040E1C2A31
:109AA000381C2024082B1A29381D22270C1E2E1E94
:109AB0002E141A2006112213242B12190004162822
:109AC0001A220A121F1C0A1D101902101E1F0B1742
:109AD00023250709101C29162326290C0F192715E1
:109AE00023272B0F1316253423282D121729192964
:109AF000191F250B111C0D1E2F161D240B0F2113D2
:109B0000250D151D0A0715081B240D1B090C18240B
:109B1000101214161D091623301316191C261422B0
:109B20003014181C2023322130351A1F2416261613
:109B3000262C12181E091A2B1C230A11181C0E2081
:109B4000121A220A1714021528111A081617230FC1
:109B50001B1D1F010814212E1B1E212407111F2D60
:109B60001B1F23270B2E1D2C3B20252A0F211121E3
:109B700031171D2309142516272E151C0307190B51
:109B80001D250D15021F0D20131C051301020E1AB1
:109B900026280A0C131F0C1926290C0F121C2A1830
:109BA000262A2E1216192837262B30151A0C1C2C93
:109BB0001C22280E141F1021321920070E12241601
:109BC000281018000D0A180B1E07101E0C0D192561
:109BD000111315171E0A17243114171A1D271523E0
:109BE0003115191D2124332231361B202517271743
:109BF000272D13191F0A1B2C1D240B12191D0F21B1
:109C0000131B230B1815031629121B09171A06120A
:109C10001E2022040B1724111E2124070A142230AF
:109C20001E22260A0E11202F1E23282D1224142452
:109C3000341A20260C1728192A11181F060A1C0E80
:109C40002028101805021023161F08160405111DE0
:109C5000290B0D0F16220F1C292C0F12151F2D1B5F
:109C6000292D1115191C2B1A292E33181D0F1F2FE2
:109C70001F252B1117221324151C230A1115071950
:109C80002B131B03100D1B0E210A13010F101C2890
:109C90001416181A010D1A2714171A1D000A18266F
:109CA00034181C202427162534191E23281A2A1A92
:109CB0002A30161C220D1E0F20270E151C00122400
:109CC000161E060E1B1806190C151E0C1A1B071360
:109CD0001F2123050C1825121F2225080B152331DF
:109CE0001F23270B0F1221301F24292E1325152582
:109CF000351B21270D18291A2B121920070B1D0FB0
:109D00002129111906031124172009170508142009
:109D10002C0E10121905121F2C0F12151822101ECE
:109D20002C3014181C1F2E1D2C31161B2012223211
:109D300022282E141A051627181F260D14180A1C7F
:109D40002E161E0613101E11240D160412131F0BBF
:109D500017191B1D04101D2A171A1D20030D1B297E
:109D6000371B1F23072A1928371C21260B1D2D1DE1
:109D70002D33191F05102112232A11181F0315272F
:109D8000192109111E1B091C0F18010F1D1E0A168F
:109D9000222406080F1B28152225280B0E1826142E
:109DA00022262A0E1215243322272C1116281828B1
:109DB000381E240A101B0C1D2E151C230A0E2012FF
:109DC000240C141C090614071A230C1A080915215F
:109DD0002D0F11131A0613202D1013161923111FFE
:109DE0002D3115191D202F1E2D32171C2113233341
:109DF00023290F151B0617281920270E15190B1DCF
:109E00000F171F0714111F12250E17051316220E08
:109E10001A1C1E000713202D1A1D202306101E2CAD
:109E20001A1E22260A2D1C2B3A1F24290E20102030
:109E300030161C2208132415262D141B0206180A9E
:109E40001C240C14011E0C1F121B041200010D19FE
:109E50002527090B121E0B1825280B0E111B29177D
:109E600025292D1115182736252A2F14190B1B2BE0
:109E70001B21270D131E0F2031181F060D1123154E
:109E8000270F171F0C09170A1D060F1D0B0C18248E
:109E9000101214161D091623301316191C2614222D
:109EA0003014181C2023322130351A1F2416261690
:109EB000262C12181E091A2B1C230A11181C0E20FE
:109EC000121A220A1714021528111A081617230F3E
:109ED0001B1D1F010814212E1B1E212407111F2DDD
:109EE0001B1F23270B2E1D2C3B20252A0F21112160
:109EF00031171D2309142516272E151C0307190BCE
:109F00001D250D15021F0D20131C05130104101C27
:109F1000280A0C0E15210E1B282B0E11141E2C1AAC
:109F2000282C1014181B2A19282D32171C0E1E2E2F
:109F30001E242A1016211223141B2209101406189D
:109F40002A121A020F0C1A0D200912000E0F1B27DD
:109F500013151719000C19263316191C1F2917255C
:109F600033171B1F2326152433381D2227192919BF
:109F7000292F151B210C1D2E1F260D141B1F11230D
:109F8000151D050D1A1705180B141D0B191A0612AD
:109F90001E2022040B1724111E2124070A1422302C
:109FA0001E22260A0E11202F1E23282D12241424CF
:109FB000341A20260C1728192A11181F060A1C0EFD
:109FC0002028101805021023161F08160405111D5D
:109FD000290B0D0F16220F1C292C0F12151F2D1BDC
:109FE000292D1115191C2B1A292E33181D0F1F2F5F
:109FF0001F252B1117221324151C230A11150719CD
:10A000002B131B03100D1B0E210A13010F121E0A26
:10A0100016181A1C030F1C2916191C1F020C1A28CB
:10A02000361A1E2206291827361B20250A1C2C1C2E
:10A030002C32181E240F2011222910171E0214265C
:10A04000182008101D1A081B0E17000E1C1D0915DC
:10A05000212305070E1A27142124270A0D1725335B
:10A060002125290D1114233221262B1015271727FE
:10A07000371D23290F1A0B1C2D141B22090D1F112C
:10A08000230B131B0805130619220B1907081420AC
:10A090002C0E10121905121F2C0F12151822101E4B
:10A0A0002C3014181C1F2E1D2C31161B201222328E
:10A0B00022282E141A051627181F260D14180A1CFC
:10A0C0002E161E0613101E11240D160412131F0B3C
:10A0D00017191B1D04101D2A171A1D20030D1B29FB
:10A0E000371B1F23072A1928371C21260B1D2D1D5E
:10A0F0002D33191F05102112232A11181F031527AC
:10A10000192109111E1B091C0F18010F1D313621C1
:10A11000202D2A3B21312D3B2300313621202D2AB1
:10A120003B45422A3B230021312D3B25282B243B54
:10A130002300222F2C3B31202C3B2300282D3324BD
:10A14000312D202B3B2300544D53454D5533202FAB
:10A1500020544D533939313841206E6F7420666F69
:10A16000756E642C2061626F7274696E672124229F
:10A170002737313E450032242B253B2F2B20383BFF
:10A180003A3B202D383B2A24383B243728333200F1
:10A19000362728332400212B20222A0032222E3178
:10A1A00024003327282D2A00203B213B223B233B40
:10A1B000243B253B263B2700000E1C0E1D0B190BD4
:10A1C0001A04160417011301141A081A01170517A7
:10A1D0000E1002101B0D1F0D0806140615031103A7
:10A1E000021C0E1C0F190B191C120012190F1D0F47
:10A1F00016081A0813051705101E0C1E0D1B091B47
:10A200000A14061407110311040A180A1107150786
:10A210001E0012000B1D0F1D181604160513011346
:10A22000120C1E0C1F091B090C021002091F0D1F26
:10A2300006180A1803150715000E1C0E1D0B190B26
:10A240001A04160417011301141A081A0117051726
:10A250000E1002101B0D1F0D080614061503110326
:10A26000021C0E1C0F190B191C120012190F1D0FC6
:10A2700016081A0813051705101E0C1E0D1B091BC6
:10A280000A14061407110311040A180A1107150706
:10A290001E0012000B1D0F1D1816041605130113C6
:10A2A000120C1E0C1F091B090C021002091F0D1FA6
:10A2B00006180A18031507151E0300191F0A11189E
:10A2C0001C01120B0D08131A1A07041D13061D1486
:10A2D0001805160F11140F06160B08111702191086
:10A2E00004190A1315100B02120F0C150B1E050C86
:10A2F000001D0E17191C070E0E1310090F1A010866
:10A300000C11021B1D18030A0A17140D03160D0465
:10A310000815061F01041F16061B18010712090065
:10A3200014091A0305001B12021F1C051B0E151C25
:10A33000100D1E07090C171E1E0300191F0A111805
:10A340001C01120B0D08131A1A07041D13061D1405
:10A350001805160F11140F06160B08111702191005
:10A3600004190A1315100B02120F0C150B1E050C05
:10A37000001D0E17191C070E0E1310090F1A0108E5
:10A380000C11021B1D18030A0A17140D03160D04E5
:10A390000815061F01041F16061B180107120900E5
:10A3A00014091A0305001B12021F1C051B0E151CA5
:10A3B000100D1E07090C171E1C101014090D0D019D
:10A3C000061A1A1E1317170B080404001511111D85
:10A3D000120E0E0A1F1B1B071418181C0105050975
:10A3E0001E0202060B0F0F13000C0C080D090905C5
:10A3F0000A1616121713130F0C000004191D1D1155
:10A40000160A0A0E0307071B181414100501010D84
:10A41000021E1E1A0F0B0B170408080C1115151934
:10A420000E1212161B1F1F03101C1C181D191915C4
:10A430001A0606020703031F1C101014090D0D0154
:10A44000061A1A1E1317170B080404001511111D04
:10A45000120E0E0A1F1B1B071418181C01050509F4
:10A460001E0202060B0F0F13000C0C080D09090544
:10A470000A1616121713130F0C000004191D1D11D4
:10A48000160A0A0E0307071B181414100501010D04
:10A49000021E1E1A0F0B0B170408080C11151519B4
:10A4A0000E1212161B1F1F03101C1C181D19191544
:10A4B0001A0606020703031F1E15081F070C1916AC
:10A4C0001C170A0D151E1B141A110C1B0B00151A54
:10A4D00018130E0909020708161D00170F04111E94
:10A4E000040F12150D06030C1219041313180D0294
:10A4F000000B1611010A0F000E05180F171C090694
:10A500000C071A1D050E0B040A011C0B1B10050A73
:10A5100008031E1919121718060D10071F14010E33
:10A52000141F02051D16131C0209140303081D1233
:10A53000101B0601111A1F101E15081F070C1916F3
:10A540001C170A0D151E1B141A110C1B0B00151AD3
:10A5500018130E0909020708161D00170F04111E13
:10A56000040F12150D06030C1219041313180D0213
:10A57000000B1611010A0F000E05180F171C090613
:10A580000C071A1D050E0B040A011C0B1B10050AF3
:10A5900008031E1919121718060D10071F14010EB3
:10A5A000141F02051D16131C0209140303081D12B3
:10A5B000101B0601111A1F1018121C0A1D07111F6B
:10A5C00002180610070D1B050C06081E011B0D03C3
:10A5D000160C12040B011709101A1402150F191783
:10A5E0001A001E081F15031D040E00161903151B63
:10A5F0000E140A1C03091F0108020C1A0D17010F83
:10A6000012081600171D0B151C16180E110B1D1322
:10A61000061C02141B110719000A0412051F090762
:10A620000A100E180F05130D141E10060913050B42
:10A630001E041A0C13190F1118121C0A1D07111FE2
:10A6400002180610070D1B050C06081E011B0D0342
:10A65000160C12040B011709101A1402150F191702
:10A660001A001E081F15031D040E00161903151BE2
:10A670000E140A1C03091F0108020C1A0D17010F02
:10A6800012081600171D0B151C16180E110B1D13A2
:10A69000061C02141B110719000A0412051F0907E2
:10A6A0000A100E180F05130D141E10060913050BC2
:10A6B0001E041A0C13190F111E1708051706110C8A
:10A6C0000C150A070514130E1A130C011B0A1D00A2
:10A6D00008110E0319080F12161F000D1F0E190482
:10A6E000140D121F1D0C0B16121B04090312051862
:10A6F0001009161B1100071A0E0718150716011C62
:10A700001C051A171504031E0A031C110B1A0D1041
:10A7100018011E1309181F02060F101D0F1E091421
:10A72000041D020F0D1C1B06020B14191302150841
:10A730000019060B0110170A1E1708051706110C41
:10A740000C150A070514130E1A130C011B0A1D0021
:10A7500008110E0319080F12161F000D1F0E190401
:10A76000140D121F1D0C0B16121B040903120518E1
:10A770001009161B1100071A0E0718150716011CE1
:10A780001C051A171504031E0A031C110B1A0D10C1
:10A7900018011E1309181F02060F101D0F1E0914A1
:10A7A000041D020F0D1C1B06020B141913021508C1
:10A7B0000019060B0110170A1C04000001190505F9
:10A7C000060E0A0A0B030F0F081014141D051919A1
:10A7D000121A1E1E070F0303140C080809110D0D91
:10A7E0001E161212131B171700181C1C051D010141
:10A7F0000A0206060F070B0B0C1410101109151591
:10A80000161E1A1A1B131F1F180004040D15090920
:10A81000020A0E0E171F1313041C181819011D1D10
:10A820000E060202030B070710080C0C150D111180
:10A830001A1216161F171B1B1C0400000119050510
:10A84000060E0A0A0B030F0F081014141D05191920
:10A85000121A1E1E070F0303140C080809110D0D10
:10A860001E161212131B171700181C1C051D0101C0
:10A870000A0206060F070B0B0C1410101109151510
:10A88000161E1A1A1B131F1F180004040D150909A0
:10A89000020A0E0E171F1313041C181819011D1D90
:10A8A0000E060202030B070710080C0C150D111100
:10A8B0001A1216161F171B1B1E19181B1F18111A08
:10A8C0000C0B1A190D0A03181A1D1C1F13141D1640
:10A8D000080F1E1D11161F04161110131710191240
:10A8E0001413020115121B00121514170B0C050E80
:10A8F00010170605191E170C0E09080B0F08010A80
:10A900001C1B0A091D1A13080A0D0C0F03040D065F
:10A91000181F0E0D01060F1406010003070009029F
:10A920000403121105020B10020504071B1C151E5F
:10A9300000071615090E071C1E19181B1F18111ADF
:10A940000C0B1A190D0A03181A1D1C1F13141D16BF
:10A95000080F1E1D11161F041611101317101912BF
:10A960001413020115121B00121514170B0C050EFF
:10A9700010170605191E170C0E09080B0F08010AFF
:10A980001C1B0A091D1A13080A0D0C0F03040D06DF
:10A99000181F0E0D01060F1406010003070009021F
:10A9A0000403121105020B10020504071B1C151EDF
:10A9B00000071615090E071C10160C060D130903C7
:10A9C0001A1C160C1719130904021812110F151F5F
:10A9D0000E0802181B151F05181E040E051B010B7F
:10A9E00002040E140F010B110C0A101A09170D079F
:10A9F00016101A00131D170D00061C161D0319133F
:10AA00000A0C061C0709031914120802011F050F7E
:10AA10001E1812080B050F15080E141E150B111B1E
:10AA200012141E041F111B011C1A000A19071D17FE
:10AA300006000A10030D071D10160C060D1309035E
:10AA40001A1C160C1719130904021812110F151FDE
:10AA50000E0802181B151F05181E040E051B010BFE
:10AA600002040E140F010B110C0A101A09170D071E
:10AA700016101A00131D170D00061C161D031913BE
:10AA80000A0C061C0709031914120802011F050FFE
:10AA90001E1812080B050F15080E141E150B111B9E
:10AAA00012141E041F111B011C1A000A19071D177E
:10AAB00006000A10030D071D1E0B00110F120110D6
:10AAC0000C1902130D0013021A0F0415031E0D1C9E
:10AAD000081D0617111C0F1E16030819071A09185E
:10AAE00014011A0B15180B1A12070C1D1B0615045E
:10AAF00010051E0F191407160E1B10011F0211005E
:10AB00001C0912031D1003120A1F1405130E1D0C3D
:10AB1000180D1607010C1F0E06131809170A19083D
:10AB200004110A1B05081B0A02171C0D0B1605143D
:10AB300000150E1F090417061E0B00110F1201103D
:10AB40000C1902130D0013021A0F0415031E0D1C1D
:10AB5000081D0617111C0F1E16030819071A0918DD
:10AB600014011A0B15180B1A12070C1D1B061504DD
:10AB700010051E0F191407160E1B10011F021100DD
:10AB80001C0912031D1003120A1F1405130E1D0CBD
:10AB9000180D1607010C1F0E06131809170A1908BD
:10ABA00004110A1B05081B0A02171C0D0B160514BD
:10ABB00000150E1F090417061C18100C09151D1985
:10ABC00016120A06030F1713080C041815090105BD
:10ABD00002061E120F031B1F14101804011D15116D
:10ABE0000E0A121E1B170F0B00040C100D11191D5D
:10ABF0001A1E060A070B13170C08001C19050D096D
:10AC000006021A16131F0703181C1408051911153C
:10AC100012160E021F130B0F04000814110D05016C
:10AC20001E1A020E0B071F1B10141C001D01090D1C
:10AC30000A0E161A171B03071C18100C09151D19EC
:10AC400016120A06030F1713080C0418150901053C
:10AC500002061E120F031B1F14101804011D1511EC
:10AC60000E0A121E1B170F0B00040C100D11191DDC
:10AC70001A1E060A070B13170C08001C19050D09EC
:10AC800006021A16131F0703181C140805191115BC
:10AC900012160E021F130B0F04000814110D0501EC
:10ACA0001E1A020E0B071F1B10141C001D01090D9C
:10ACB0000A0E161A171B03071E1D18171714090E64
:10ACC0000C0F0A1515161B1C1A191C131B1805024C
:10ACD000080B0E11090A07001615101F1F1C01068C
:10ACE0001417120D0D0E03041211141B03001D1A6C
:10ACF0001013160901020F080E0D08070704191E8C
:10AD00001C1F1A0505060B0C0A090C030B0815126B
:10AD1000181B1E01191A17100605000F0F0C11162B
:10AD20000407021D1D1E13140201040B13100D0A4B
:10AD30000003061911121F181E1D18171714090EEB
:10AD40000C0F0A1515161B1C1A191C131B180502CB
:10AD5000080B0E11090A07001615101F1F1C01060B
:10AD60001417120D0D0E03041211141B03001D1AEB
:10AD70001013160901020F080E0D08070704191E0B
:10AD80001C1F1A0505060B0C0A090C030B081512EB
:10AD9000181B1E01191A17100605000F0F0C1116AB
:10ADA0000407021D1D1E13140201040B13100D0ACB
:10ADB0000003061911121F18181A1C020D0F011793
:10ADC0001210161807051B0D0C0E081611131D0B7B
:10ADD0000604020C0B0917011012140A0507091FBB
:10ADE0000A080E001F1D03150406001E090B05139B
:10ADF0001E1C1A1403011F09080A0C121D1F11073B
:10AE00000200060817150B1D1C1E180601030D1B5A
:10AE10001614121C1B1907110002041A1517190F1A
:10AE20001A181E100F0D13051416100E191B1503FA
:10AE30000E0C0A0413110F19181A1C020D0F01171A
:10AE40001210161807051B0D0C0E081611131D0BFA
:10AE50000604020C0B0917011012140A0507091F3A
:10AE60000A080E001F1D03150406001E090B05131A
:10AE70001E1C1A1403011F09080A0C121D1F1107BA
:10AE80000200060817150B1D1C1E180601030D1BDA
:10AE90001614121C1B1907110002041A1517190F9A
:10AEA0001A181E100F0D13051416100E191B15037A
:10AEB0000E0C0A0413110F191E1F081D170E110482
:10AEC0001C0D1A0F150C03161A1B0C191B021D085A
:10AED00018091E0B09101F0A161700151F06190C5A
:10AEE000041502170D141B0E12130411031A05107A
:10AEF00000110613011817020E0F180D071E01147A
:10AF00000C1D0A1F051C13060A0B1C090B120D1839
:10AF100008190E1B19000F1A060710050F16091C39
:10AF2000140512071D040B1E02031401130A150059
:10AF300010011603110807121E1F081D170E110419
:10AF40001C0D1A0F150C03161A1B0C191B021D08D9
:10AF500018091E0B09101F0A161700151F06190CD9
:10AF6000041502170D141B0E12130411031A0510F9
:10AF700000110613011817020E0F180D071E0114F9
:10AF80000C1D0A1F051C13060A0B1C090B120D18B9
:10AF900008190E1B19000F1A060710050F16091CB9
:10AFA000140512071D040B1E02031401130A1500D9
:10AFB00010011603110807121C0C10181101151DA1
:10AFC00016060A120B1B0F170818040C0D1D090199
:10AFD00002121E060717031B1404181019091D1569
:10AFE0000E1E120A1303170F00100C041505111979
:10AFF0001A0A061E0F1F0B130C1C00080111050D69
:10B0000006161A021B0B1F071808141C1D0D191118
:10B0100012020E161707130B0414080009190D0568
:10B020001E0E021A0313071F10001C140515010938
:10B030000A1A160E1F0F1B031C0C10181101151DE8
:10B0400016060A120B1B0F170818040C0D1D090118
:10B0500002121E060717031B1404181019091D15E8
:10B060000E1E120A1303170F00100C0415051119F8
:10B070001A0A061E0F1F0B130C1C00080111050DE8
:10B0800006161A021B0B1F071808141C1D0D191198
:10B0900012020E161707130B0414080009190D05E8
:10B0A0001E0E021A0313071F10001C1405150109B8
:10B0B0000A1A160E1F0F1B031E0118131F00011280
:10B0C0001C030A011D0203001A051C17130C0D1E98
:10B0D00018070E05011E1F1C1609101B1708091A58
:10B0E000041B1219051A1B18120D141F0B14150638
:10B0F000001F161D091617140E1108030F10110258
:10B100000C131A110D1213100A150C07031C1D0E37
:10B1100008171E15110E0F0C0619000B0718190A37
:10B12000140B0209150A0B08021D040F1B04051657
:10B13000100F060D190607041E0118131F00011237
:10B140001C030A011D0203001A051C17130C0D1E17
:10B1500018070E05011E1F1C1609101B1708091AD7
:10B16000041B1219051A1B18120D141F0B141506B7
:10B17000001F161D091617140E1108030F101102D7
:10B180000C131A110D1213100A150C07031C1D0EB7
:10B1900008171E15110E0F0C0619000B0718190AB7
:10B1A000140B0209150A0B08021D040F1B040516D7
:10B1B000100F060D19060704001E1C1E1D1B191B6F
:10B1C0001A14161417111311140A080A0107050797
:10B1D0000E0002001B1D1F1D081614161513111357
:10B1E000020C0E0C0F090B091C020002191F1D1F77
:10B1F00016181A1813151715100E0C0E0D0B090B37
:10B200000A04060407010301041A181A1117151776
:10B210001E1012100B0D0F0D180604060503010376
:10B22000121C1E1C1F191B190C121012090F0D0FD6
:10B2300006080A0803050705001E1C1E1D1B191B16
:10B240001A14161417111311140A080A0107050716
:10B250000E0002001B1D1F1D0816141615131113D6
:10B26000020C0E0C0F090B091C020002191F1D1FF6
:10B2700016181A1813151715100E0C0E0D0B090BB6
:10B280000A04060407010301041A181A11171517F6
:10B290001E1012100B0D0F0D1806040605030103F6
:10B2A000121C1E1C1F191B190C121012090F0D0F56
:10B2B00006080A08030507051E1300091F1A1108CE
:10B2C0001C11121B0D18130A1A17040D13161D0456
:10B2D0001815161F11040F16161B08011712190056
:10B2E00004090A0315000B12121F0C050B0E051C96
:10B2F000000D0E07190C071E0E0310190F0A011876
:10B300000C01020B1D08031A0A07141D03060D1475
:10B310000805060F01141F06060B18110702091075
:10B3200014191A1305101B02020F1C151B1E150CF5
:10B33000101D1E17091C170E1E1300091F1A1108D5
:10B340001C11121B0D18130A1A17040D13161D04D5
:10B350001815161F11040F16161B080117121900D5
:10B3600004090A0315000B12121F0C050B0E051C15
:10B37000000D0E07190C071E0E0310190F0A0118F5
:10B380000C01020B1D08031A0A07141D03060D14F5
:10B390000805060F01141F06060B181107020910F5
:10B3A00014191A1305101B02020F1C151B1E150C75
:10B3B000101D1E17091C170E1C001004091D0D116D
:10B3C000060A1A0E1307171B081404101501110D95
:10B3D000121E0E1A1F0B1B171408180C0115051945
:10B3E0001E1202160B1F0F03001C0C180D19091555
:10B3F0000A0616021703131F0C100014190D1D0165
:10B40000161A0A1E0317070B180414000511011D54
:10B41000020E1E0A0F1B0B070418081C1105150944
:10B420000E0212061B0F1F13100C1C081D09190514
:10B430001A1606120713030F1C001004091D0D1124
:10B44000060A1A0E1307171B081404101501110D14
:10B45000121E0E1A1F0B1B171408180C01150519C4
:10B460001E1202160B1F0F03001C0C180D190915D4
:10B470000A0616021703131F0C100014190D1D01E4
:10B48000161A0A1E0317070B180414000511011DD4
:10B49000020E1E0A0F1B0B070418081C11051509C4
:10B4A0000E0212061B0F1F13100C1C081D09190594
:10B4B0001A1606120713030F1E05080F071C19069C
:10B4C0001C070A1D150E1B041A010C0B0B10150A84
:10B4D00018030E1909120718160D00070F14110E84
:10B4E000041F12050D16031C1209040313080D1284
:10B4F000001B1601011A0F100E15181F170C091644
:10B500000C171A0D051E0B140A111C1B1B00051A23
:10B5100008131E0919021708061D10171F04011E23
:10B52000140F02151D06130C0219141303181D0223
:10B53000100B0611110A1F001E05080F071C190623
:10B540001C070A1D150E1B041A010C0B0B10150A03
:10B5500018030E1909120718160D00070F14110E03
:10B56000041F12050D16031C1209040313080D1203
:10B57000001B1601011A0F100E15181F170C0916C3
:10B580000C171A0D051E0B140A111C1B1B00051AA3
:10B5900008131E0919021708061D10171F04011EA3
:10B5A000140F02151D06130C0219141303181D02A3
:10B5B000100B0611110A1F0018021C1A1D17110F7B
:10B5C00002080600071D1B150C16080E010B0D13B3
:10B5D000161C12140B111719100A1412151F190733
:10B5E0001A101E181F05030D041E00061913150B53
:10B5F0000E040A0C03191F1108120C0A0D07011F73
:10B6000012181610170D0B051C06181E111B1D0312
:10B61000060C02041B010709001A0402050F091792
:10B620000A000E080F15131D140E10160903051B32
:10B630001E141A1C13090F0118021C1A1D17110FD2
:10B6400002080600071D1B150C16080E010B0D1332
:10B65000161C12140B111719100A1412151F1907B2
:10B660001A101E181F05030D041E00061913150BD2
:10B670000E040A0C03191F1108120C0A0D07011FF2
:10B6800012181610170D0B051C06181E111B1D0392
:10B69000060C02041B010709001A0402050F091712
:10B6A0000A000E080F15131D140E10160903051BB2
:10B6B0001E141A1C13090F011E0708151716111C5A
:10B6C0000C050A170504131E1A030C111B1A1D1072
:10B6D00008010E1319180F02160F001D1F1E191452
:10B6E000141D120F1D1C0B06120B04190302050872
:10B6F0001019160B1110070A0E1718050706010C72
:10B700001C151A071514030E0A131C010B0A0D0051
:10B7100018111E0309081F12061F100D0F0E090431
:10B72000040D021F0D0C1B16021B14091312151811
:10B730000009061B0100171A1E0708151716111C11
:10B740000C050A170504131E1A030C111B1A1D10F1
:10B7500008010E1319180F02160F001D1F1E1914D1
:10B76000141D120F1D1C0B06120B041903020508F1
:10B770001019160B1110070A0E1718050706010CF1
:10B780001C151A071514030E0A131C010B0A0D00D1
:10B7900018111E0309081F12061F100D0F0E0904B1
:10B7A000040D021F0D0C1B16021B14091312151891
:10B7B0000009061B0100171A1C14001001090515C9
:10B7C000061E0A1A0B130F1F080014041D15190971
:10B7D000120A1E0E071F0313141C081809010D1D61
:10B7E0001E061202130B170700081C0C050D011191
:10B7F0000A1206160F170B1B0C0410001119150561
:10B80000160E1A0A1B031F0F181004140D05091930
:10B81000021A0E1E170F1303040C180819111D0D20
:10B820000E160212031B071710180C1C151D110110
:10B830001A0216061F071B0B1C1400100109051520
:10B84000061E0A1A0B130F1F080014041D151909F0
:10B85000120A1E0E071F0313141C081809010D1DE0
:10B860001E061202130B170700081C0C050D011110
:10B870000A1206160F170B1B0C04100011191505E0
:10B88000160E1A0A1B031F0F181004140D050919B0
:10B89000021A0E1E170F1303040C180819111D0DA0
:10B8A0000E160212031B071710180C1C151D110190
:10B8B0001A0216061F071B0B1E09180B1F08110A78
:10B8C0000C1B1A090D1A03081A0D1C0F13041D0670
:10B8D000081F1E0D11061F14160110031700190270
:10B8E0001403021115021B10120514070B1C051E70
:10B8F00010070615190E171C0E19081B0F18011A30
:10B900001C0B0A191D0A13180A1D0C1F03140D160F
:10B91000180F0E1D01160F0406110013071009124F
:10B920000413120105120B00021504171B0C150E4F
:10B9300000171605091E070C1E09180B1F08110A0F
:10B940000C1B1A090D1A03081A0D1C0F13041D06EF
:10B95000081F1E0D11061F141601100317001902EF
:10B960001403021115021B10120514070B1C051EEF
:10B9700010070615190E171C0E19081B0F18011AAF
:10B980001C0B0A191D0A13180A1D0C1F03140D168F
:10B99000180F0E1D01160F040611001307100912CF
:10B9A0000413120105120B00021504171B0C150ECF
:10B9B00000171605091E070C08090B060E0F1510B7
:10B9C0000405071A1213191C1011131E16170D085F
:10B9D0001C1D1F020A0B010418191B161E1F05004F
:10B9E0001415170A0203090C0001030E06071D189F
:10B9F0000C0D0F121A1B111408090B060E0F15104F
:10BA00000405071A1213191C1011131E16170D081E
:10BA10001C1D1F020A0B010418191B161E1F05000E
:10BA20001415170A0203090C0001030E06071D185E
:10BA30000C0D0F121A1B111408090B060E0F15100E
:10BA40000405071A1213191C1011131E16170D08DE
:10BA50001C1D1F020A0B010418191B161E1F0500CE
:10BA60001415170A0203090C0001030E06071D181E
:10BA70000C0D0F121A1B111408090B060E0F1510CE
:10BA80000405071A1213191C1011131E16170D089E
:10BA90001C1D1F020A0B010418191B161E1F05008E
:10BAA0001415170A0203090C0001030E06071D18DE
:10BAB0000C0D0F121A1B11141F150A00151F000A76
:10BAC0000B011E14010B141E171D02081D1708027E
:10BAD0000309161C09031C160F051A10050F101A6E
:10BAE0001B110E04111B040E070D12180D0718125E
:10BAF0001319060C19130C061F150A00151F000A4E
:10BB00000B011E14010B141E171D02081D1708023D
:10BB10000309161C09031C160F051A10050F101A2D
:10BB20001B110E04111B040E070D12180D0718121D
:10BB30001319060C19130C061F150A00151F000A0D
:10BB40000B011E14010B141E171D02081D170802FD
:10BB50000309161C09031C160F051A10050F101AED
:10BB60001B110E04111B040E070D12180D071812DD
:10BB70001319060C19130C061F150A00151F000ACD
:10BB80000B011E14010B141E171D02081D170802BD
:10BB90000309161C09031C160F051A10050F101AAD
:10BBA0001B110E04111B040E070D12180D0718129D
:10BBB0001319060C19130C0616190916081F17007D
:10BBC0000A15050A14031B0C0E01110E10070F189D
:10BBD000120D1D120C1B031406091906180F07106D
:10BBE0001A05151A04130B1C1E11011E00171F083D
:10BBF000021D0D021C0B130416190916081F17004D
:10BC00000A15050A14031B0C0E01110E10070F185C
:10BC1000120D1D120C1B031406091906180F07102C
:10BC20001A05151A04130B1C1E11011E00171F08FC
:10BC3000021D0D021C0B130416190916081F17000C
:10BC40000A15050A14031B0C0E01110E10070F181C
:10BC5000120D1D120C1B031406091906180F0710EC
:10BC60001A05151A04130B1C1E11011E00171F08BC
:10BC7000021D0D021C0B130416190916081F1700CC
:10BC80000A15050A14031B0C0E01110E10070F18DC
:10BC9000120D1D120C1B031406091906180F0710AC
:10BCA0001A05151A04130B1C1E11011E00171F087C
:10BCB000021D0D021C0B13040D1D0C1C0F1F0E1E6C
:10BCC000091908180B1B0A1A05150414071706167C
:10BCD00001110010031302121D0D1C0C1F0F1E0E6C
:10BCE000190918081B0B1A0A15051404170716065C
:10BCF00011011000130312020D1D0C1C0F1F0E1E4C
:10BD0000091908180B1B0A1A05150414071706163B
:10BD100001110010031302121D0D1C0C1F0F1E0E2B
:10BD2000190918081B0B1A0A15051404170716061B
:10BD300011011000130312020D1D0C1C0F1F0E1E0B
:10BD4000091908180B1B0A1A0515041407170616FB
:10BD500001110010031302121D0D1C0C1F0F1E0EEB
:10BD6000190918081B0B1A0A1505140417071606DB
:10BD700011011000130312020D1D0C1C0F1F0E1ECB
:10BD8000091908180B1B0A1A0515041407170616BB
:10BD900001110010031302121D0D1C0C1F0F1E0EAB
:10BDA000190918081B0B1A0A15051404170716069B
:10BDB000110110001303120215101E1B030E0815AB
:10BDC000191C02070F1214190D0806031B16100D7B
:10BDD00001041A1F170A0C0105000E0B131E18058B
:10BDE000090C12171F0204091D1816130B06001D5B
:10BDF00011140A0F071A1C1115101E1B030E08152B
:10BE0000191C02070F1214190D0806031B16100D3A
:10BE100001041A1F170A0C0105000E0B131E18054A
:10BE2000090C12171F0204091D1816130B06001D1A
:10BE300011140A0F071A1C1115101E1B030E0815EA
:10BE4000191C02070F1214190D0806031B16100DFA
:10BE500001041A1F170A0C0105000E0B131E18050A
:10BE6000090C12171F0204091D1816130B06001DDA
:10BE700011140A0F071A1C1115101E1B030E0815AA
:10BE8000191C02070F1214190D0806031B16100DBA
:10BE900001041A1F170A0C0105000E0B131E1805CA
:10BEA000090C12171F0204091D1816130B06001D9A
:10BEB00011140A0F071A1C11F1ABF1F1B1B1B1B1B4
:10BEC000B1F1FBFBFBFAFAFA1B1B1B1A1A1AF1F170
:10BED000F1F1F1F1F1F1F1F10000000000000000DA
:10BEE000FFC399BDBD99C3FFFFDBDBC3C3DBDBFF32
:10BEF000FF81BDA599BD81FF00183C7E3C18000064
:10BF0000183C7E3C3C7E3C18000000000000000015
:10BF10000000000000000000002211884422118867
:10BF2000AA559966AA559966000000000000000015
:10BF30000000000000000000000000000000000001
:10BF400000000000000000000000000000000000F1
:10BF500000000000000000000000000000000000E1
:10BF600000000000000000000000000000000000D1
:10BF700000000000000000000000000000000000C1
:10BF800000000000000000000000000000000000B1
:10BF900000000000000000000000000000000000A1
:10BFA0000000000000000000000000000000000091
:10BFB0000000000000000000000000000000000081
:10BFC0000000000000000000000000000000000071
:10BFD0000000000000000000183C66667E666600F7
:10BFE0007C66667C66667C003C66606060663C00E1
:10BFF000786C6666666C78007E60607C60607E004F
:10C000007E60607C606060003E60606E66663E00E0
:10C010006666667E666666007E18181818187E00CA
:10C020001E0C0C0C0C6C3800666C7870786C66001A
:10C030006060606060607E0063777F6B6363630055
:10C0400066767E7E6E6666003C66666666663C0068
:10C050007C66667C606060003C6666666E6C36007E
:10C060007C66667C786C66003E60603C06067C0000
:10C070007E181818181818006666666666663C0012
:10C0800066666666663C18006363636B7F77630071
:10C0900066663C183C66660066663C181818180010
:10C0A0007E060C1830607E000000007E000000005C
:10C0B00000000000000000003C666E7666663C00F2
:10C0C0001838181818187E003C66060C18307E00C8
:10C0D0003C66061C06663C000C1C3C6C7E0C0C008E
:10C0E0007E607C0606663C001C30607C66663C0018
:10C0F0007E66060C181818003C66663C66663C00B6
:10C100003C66663E060C380000000000000000009F
:10C11000000000000000000000000000000000001F
:10C12000000000000000000000000000000000000F
:10C1300000000000000000000000000000000000FF
:10C1400000000000000000000000000000000000EF
:10C1500000000000000000000307070303070F0DA5
:10C16000C0E0E0C0C0E0F0B007070F1F1F3F3F0076
:10C17000E0E0F0F8F8FCFC001D1F1F0F0F0F0F0F81
:10C18000B8F8F8F0F0F0F0F00F0F1F1F3F3F3F003E
:10C19000F0F0F8F8FCFCFC0003070F0F1F1F1F1F37
:10C1A000E0F0F8F0F0C080C01F1F1F1F0F3F3F00DE
:10C1B000F0F8F8F8F0FCFC00030706030707070F88
:10C1C000C0E0E0C0E0E0E0F007070F0F1F3F3F00D6
:10C1D000E0E0F0F0F8FCFC00040F070F1F0F0F0F5A
:10C1E00090F8E0F0F8F0F0F00F1F1F3F3F3F7F00A6
:10C1F000F0F8F8FCFCFCFE00010301070F0707073D
:10C2000080C080E0F0E0E0E00F07070F1F3F3F0035
:10C21000F0E0E0F0F8FCFC000307070303070F0D54
:10C22000C0E0E0C0C0E0F0B007070F1F1F3F3F00B5
:10C23000E0E0F0F8F8FCFC001D1F1F0F0F0F0F0FC0
:10C24000B8F8F8F0F0F0F0F00F0F1F1F3F3F3F007D
:10C25000F0F0F8F8FCFCFC0003070F0F1F1F1F1F76
:10C26000E0F0F8F0F0C080C01F1F1F1F0F3F3F001D
:10C27000F0F8F8F8F0FCFC00030706030707070FC7
:10C28000C0E0E0C0E0E0E0F007070F0F1F3F3F0015
:10C29000E0E0F0F0F8FCFC00040F070F1F0F0F0F99
:10C2A00090F8E0F0F8F0F0F00F1F1F3F3F3F7F00E5
:10C2B000F0F8F8FCFCFCFE00010301070F0707077C
:10C2C00080C080E0F0E0E0E00F07070F1F3F3F0075
:10C2D000F0E0E0F0F8FCFC000307070303070F0D94
:10C2E000C0E0E0C0C0E0F0B007070F1F1F3F3F00F5
:10C2F000E0E0F0F8F8FCFC001D1F1F0F0F0F0F0F00
:10C30000B8F8F8F0F0F0F0F00F0F1F1F3F3F3F00BC
:10C31000F0F0F8F8FCFCFC0003070F0F1F1F1F1FB5
:10C32000E0F0F8F0F0C080C01F1F1F1F0F3F3F005C
:10C33000F0F8F8F8F0FCFC00030706030707070F06
:10C34000C0E0E0C0E0E0E0F007070F0F1F3F3F0054
:10C35000E0E0F0F0F8FCFC00040F070F1F0F0F0FD8
:10C3600090F8E0F0F8F0F0F00F1F1F3F3F3F7F0024
:10C37000F0F8F8FCFCFCFE00010301070F070707BB
:10C3800080C080E0F0E0E0E00F07070F1F3F3F00B4
:10C39000F0E0E0F0F8FCFC000307070303070F0DD3
:10C3A000C0E0E0C0C0E0F0B007070F1F1F3F3F0034
:10C3B000E0E0F0F8F8FCFC001D1F1F0F0F0F0F0F3F
:10C3C000B8F8F8F0F0F0F0F00F0F1F1F3F3F3F00FC
:10C3D000F0F0F8F8FCFCFC0003070F0F1F1F1F1FF5
:10C3E000E0F0F8F0F0C080C01F1F1F1F0F3F3F009C
:10C3F000F0F8F8F8F0FCFC00030706030707070F46
:10C40000C0E0E0C0E0E0E0F007070F0F1F3F3F0093
:10C41000E0E0F0F0F8FCFC00040F070F1F0F0F0F17
:10C4200090F8E0F0F8F0F0F00F1F1F3F3F3F7F0063
:10C43000F0F8F8FCFCFCFE00010301070F070707FA
:10C4400080C080E0F0E0E0E00F07070F1F3F3F00F3
:10C45000F0E0E0F0F8FCFC000307070303070F0D12
:10C4600007070F1F1F3F3F00C0E0E0C0C0E0F0B073
:10C47000E0E0F0F8F8FCFC001D1F1F0F0F0F0F0F7E
:10C480000F0F1F1F3F3F3F00B8F8F8F0F0F0F0F03B
:10C49000F0F0F8F8FCFCFC0003070F0F1F1F1F1F34
:10C4A0001F1F1F1F0F3F3F00E0F0F8F0F0C080C0DB
:10C4B000F0F8F8F8F0FCFC00030706030707070F85
:10C4C00007070F0F1F3F3F00C0E0E0C0E0E0E0F0D3
:10C4D000E0E0F0F0F8FCFC00040F070F1F0F0F0F57
:10C4E0000F1F1F3F3F3F7F0090F8E0F0F8F0F0F0A3
:10C4F000F0F8F8FCFCFCFE00010301070F0707073A
:10C500000F07070F1F3F3F0080C080E0F0E0E0E032
:10C51000F0E0E0F0F8FCFC0000000000000000008B
:10C52000000000000000000000000000000000000B
:10C5300000000000000000000000000000000000FB
:10C5400000000000000000000000000000000000EB
:10C5500000000000000000000000000000000000DB
:10C5600000000000000000000000000000000000CB
:10C5700000000000000000000000000000000000BB
:10C5800000000000000000000000000000000000AB
:10C59000000000000000000000000000000000009B
:10C5A000000000000000000000000000000000008B
:10C5B000000000000000000000000000000000007B
:10C5C000000000000000000000000000000000006B
:10C5D000000000000000000000000000000000005B
:10C5E000000000000000000000000000000000004B
:10C5F000000000000000000000000000000000003B
:10C60000000000000000000000000000000000002A
:10C610000000000000000000BE1F000000380020E5
:10C6200000000018C03B00010A1F2127C616001990
:10C630007E3219C6C92159C606037E3218C6CD6A94
:10C64000C6CD6AC6FA54C611FFFFCD6AC6F81B7B79
:10C65000B2C24AC62310E3AFC9BE9810CD60C67BF4
:10C66000C5ED4B18C60CED79C1C9C5ED4B18C60C0C
:10C67000ED78C1C9C5ED4B18C6ED7910FEC1C9C52D
:10C68000ED4B18C610FEED78ED4B18C610FEC1C973
:10C69000E60F473A26C6E6F0B03226C61E87C35CD0
:10C6A000C6E603473A1AC6E6FCB0321AC61E81C374
:10C6B0005CC63A1AC6F620321AC61E81C35CC63A58
:10C6C0001AC6E6DF321AC61E81C35CC6218000226C
:10C6D0001AC67D1E81CD5CC67C1E80CD5CC63E0028
:10C6E000CD90C63E00CD41C81100000100403E0083
:10C6F000CD32C8C9CDCCC6ED5B1CC6CD0BC8160665
:10C700001E000E0406207BCD74C63C10FA0DC20438
:10C71000C75F15C202C721C800221AC6C340C7CDD1
:10C72000CCC621C000221AC6C340C7E5CDCCC6E1A5
:10C73000ED5B20C6010008CD23C821D000221AC617
:10C740003A1EC6E6C0321EC6573A1FC6E63F321F23
:10C75000C6CB1217CB12171E83CD5CC6AF3220C6D4
:10C760003A21C6E6383221C60F0F0F1E84CD5CC6B3
:10C77000C3BEC7CDCCC6ED5B1CC6CD0BC80603AF90
:10C78000CD74C63CC280C710F721C002221AC6AFC2
:10C79000321EC63220C63A1FC6E620321FC63EFFF2
:10C7A000C2A5C73E7F1E83CD5CC63A21C6E62032B5
:10C7B00021C63E07C2B9C73E031E84CD5CC6AF3258
:10C7C0001CC63A1DC6E63C321DC60F0F1E82CD5C4C
:10C7D000C63A24C6E6803224C6573A25C6E67FCB41
:10C7E00012171E85CD5CC6AF3222C63A23C6E63884
:10C7F0003223C60F0F0F1E86CD5CC61E813A1AC6A5
:10C80000CD5CC63A1BC61E80C35CC67BCD60C67AB3
:10C81000E63FF640CD60C6C97BCD60C67AE63FCD27
:10C8200060C6C9CD0BC87ECD74C6230B78B1C226B5
:10C83000C8C9F5CD0BC8F1CD74C60DC237C810F705
:10C84000C987878787473A26C6E60FB03226C61EB5
:10C8500087C35CC616002100001929291929292936
:10C860005F19ED5B1CC619EBC30BC87EFE00C8CD7B
:10C8700074C623C36BC8CD74C610FBC9229DC8C93A
:10C8800078FEC0D0CDC3C879E60706004F21A7C8FF
:10C8900009462A20C619EBCD18C8CD7FC6B000F5D1
:10C8A000CD0BC8F1C374C68040201008040201F506
:10C8B00078FEC0D0CDC3C82A1EC619EBCD0BC8F177
:10C8C000C374C6780F0F0FE61F5779E6F85F78E656
:10C8D00007B35FC900000000000000000000000076
:10C8E0000000000000000000000000000000000048
:10C8F0000000000000000000000000000000000038
:10C900000000000000000000000000000000000027
:10C910000000000000003E003D27FEF93EFFC24A35
:10C92000C9ED38FFE6C0FEC0CA4AC9ED38BFE6C04F
:10C93000FE80CA4AC9ED387FE6C0FE40CA4AC9ED4A
:10C94000383FE6C0CA4AC93EFFB732D4C8C9CD5342
:10C95000C977C9C5F53AD4C8FEFFCA7AC9810600AD
:10C960004FF1ED78C1C97EC5F53AD4C8FEFFCA7A49
:10C97000C98106004FF1ED79C1C9F1C1C91E010E8F
:10C980001ECD53C9E680CA4AC91C0E1FCD53C9E645
:10C9900080C01DC90E1E167FCD9FC90E1F167FCDEC
:10C9A00053C9A2C367C90E1E167FCD9FC90E1F169D
:10C9B00080C3BFC90E1E1680CDBFC90E1F1680CD05
:10C9C00053C9B2C367C9B7C83D07070707E6305F59
:10C9D00016DF0E32C3E2C9070707070707E6D05F75
:10C9E000163FCD53C9A2B3C367C9F51F1F1F1FCD83
:10C9F000FCC9CD10CAF1CDFCC9C310CAF6F027C6D8
:10CA0000A0CE40C93E20C310CA3E0DCD10CA3E0A7A
:10CA10000E025FC305000E09C305000E061EFFCD02
:10CA20000500B7C906F80EF5CDF0FF3266CB7C32B3
:10CA300067CB7D3268CB7B3269CBAF3265CB3A6650
:10CA4000CBB7C253CA3A68CBB7CA53CA3E013265A4
:10CA5000CBAFC93E01C93A67CB673A68CB6F3A6939
:10CA6000CB5F3A66CBC9326BCB3A65CBB7CA90CABB
:10CA70003A6BCB473A67CBB8CA7ECAD290CA3A67FC
:10CA8000CB4F3A68CB814F3A6BCBB9D290CAAFC982
:10CA90003E01C906FA0E00CDF0FFC906FB0E00CD1F
:10CAA000F0FFC9AF326ACB7A326BCB226CCBDD227E
:10CAB0006ECB3E043270CB3A6BCB572A6CCBCD9306
:10CAC000CACD5ACBD5DD2A6ECBD1DD73002A6CCB13
:10CAD00023226CCBDD2A6ECBDD23DD226ECB2170D1
:10CAE000CB35C2B7CA3A6ACBC9AF326ACB7A326B9E
:10CAF000CB226CCBDD226ECB3E043270CBDD2A6EB6
:10CB0000CBDD5E003A6BCB572A6CCBCD9BCACD5A9E
:10CB1000CB2A6CCB23226CCBDD2A6ECBDD23DD222E
:10CB20006ECB2170CB35C2FDCA3A6ACBC97A326B63
:10CB3000CB226CCB3EA53271CB3A6BCB3272CBEEB3
:10CB4000FF3273CB3A6BCBC63C3274CB3A6BCB57CC
:10CB50002A6CCBDD2171CBC3E9CAF54F3A6ACBB160
:10CB6000326ACBF1C90000000000000000000000A4
:05CB70000000000000C0
:00000001FF
